,id,model_classification,reasoning
0,1872080baa7d30ec8fb87be9a65358cd3a7fb649>894be9b4ea46a5c422e81ef3c241072d4c73fdc0_11,background,The text primarily introduces a gap in knowledge – the lack of direct interactions between the target protein (frataxin) and its components within the Fe-S cluster biosynthesis pathway. It highlights previous research suggesting potential interactions but doesn't present a specific study or analysis. This is a foundational element of a background section.
1,ce1d09a4a3a8d7fd3405b9328f65f00c952cf64b>b6642e19efb8db5623b3cc4eef1c5822a6151107_2,method,"The text describes a method – the sampling of spikes from the field – used to collect data for analysis. It doesn't present the results of that method, but rather explains how the data was collected."
2,9cdf605beb1aa1078f235c4332b3024daa8b31dc>4e6a17fb8d7a3cada601d942e22eb5da6d01adbd_0,result,The text describes a specific outcome – a reduction in catecholamine secretion and subsequent effects on heart rate and blood pressure – which is a direct result of the drug's action. It doesn't present a theoretical explanation or a procedure for investigation.
3,d9f3207db0c79a3b154f3875c9760cc6b056904b>2cc6ff899bf17666ad35893524a4d61624555ed7_3,result,The text describes a specific observation – breeding females decreasing territorial boundaries – and then explains the potential consequence of this observation: increased net energy income or higher allocations. This demonstrates a direct result of the experiment or study being described.
4,88b86556857f4374842d2af2e359576806239175>a5bb0ff1a026944d2a47a155462959af2b8505a8_2,background,"The text primarily provides a definition of a rare intracranial arachnoid cyst and describes its symptoms. It doesn't present any experimental data, results, or methods used to understand or diagnose this condition. It’s a descriptive overview rather than an investigation or analysis."
5,df2f5d253798a83b31b1df8d4a343bdcdfeb492b>d91f4ce0487619e1ff3f30facd959e2530bde365_1,result,"The text describes a specific finding – the identification of Wee1 as a potential target – and its subsequent testing with a compound (MK-1775). It focuses on the outcome of a study, rather than explaining the methods used to reach that conclusion."
6,68746a4e82e33029804f135bd35a2bc42c68df26>4fb0ebdfe25b15c4bc42d81b1338cfdb9f2469be_0,result,"The text describes the problem being addressed – early diagnosis and immediate treatment of patients – and its importance. It’s a consequence or outcome of the problem, not a description of how the problem was investigated or a detailed explanation of the method used. It’s a result of the identified issues."
7,5997ebb2ded3b4519db864d65a04fba82266e034>e7b139d78c756155ac0937e8020d6004b60c6f9d_0,result,The text explicitly states that 'results demonstrated that...' indicating a factual observation and outcome of an experiment or study. It doesn't present a theoretical framework or a detailed explanation of the process.
8,91984c897f134f875ba9ffdac986a108b930be28>3bb5bde8426dd630c536d04c1ad108bf6e966450_3,background,"The text primarily introduces the light-induced method and its general application, setting the stage for the subsequent discussion of its benefits and relevance. It doesn't present specific experimental details or results."
9,5550c4a3b899f2a493d77cdfff7d5121e6c15ba4>3d58af42e260a67f91f3d38f49eb2a80750817d2_1,background,"The text primarily introduces the topic of limb-salvage surgery and its acceptance as a treatment, establishing the context for further discussion. It doesn't present any specific findings or experimental procedures."
10,870abc17d060a72738746f727d9723db088217f9>4e671994e5b0c7aefbecd050e95fdb45272d7e12_4,result,"The text describes a specific mechanism – the distinction between indirect benefits and typical fitness costs – and explains how this distinction impacts the behavior of individuals. It outlines how benefits to genetically related recipients are considered indirect benefits, implying a cost to the benefactors. This is a direct consequence of the evolutionary principles discussed in the paper, making it a key outcome or result of the research presented."
11,929a7548464ce1d9d785abbe35da34842c0133e6>21096eb950bdff77308ad3924d69b681589bdc91_11,background,"The text explicitly introduces the topic of mitochondrial division, referencing previous research (Friedman et al., 2011; Korobova et al., 2011, 2013, and Korobova et al., 2014) as a foundational point for the study. It doesn't present a new experiment or analysis, but rather provides context for the research."
12,1b7d342e9e8cfc8f2327c9f62f3d40b4be7e8624>00aadd931a2b4603101a355d6b18f2c2bd17a3cd_2,result,"The text explicitly describes the observation of remnant plasma membranes after extraction, indicating a result of the experimental procedure. It provides a quantitative measurement (number of membranes) and a visual representation (Fig.) which are key components of a result section."
13,5ab47755421be3c564a7ea61f37bfdabc4d3822b>37d72f5eff3540d6a99788c4ca83de2415d8ba1e_0,method,The text explicitly describes the methodology – the use of an active contour algorithm and the specific steps taken (segmenting organs from 340 coronal slices over two patients).
14,0323f404c7211e8e7f5034f070e3e1a54ecff495>7b889faead3d086f66e10d2b2024f1a85419c7d0_1,method,"The text describes a specific intervention – allowing women with competing care-giving responsibilities – and the associated support offered (childcare, subsidies). It outlines a process or approach rather than presenting findings or results. It’s a description of *how* the intervention is implemented."
15,cf3d0d63e8ed6cb6bac03c00d21d8b87c83a39d5>3d8487b14c2aae003bcdf41f857e0b51c91f285f_3,result,"The text describes the observed effect of the change – increased ROS and RNS – and its consequence of accelerating electron transport. This directly demonstrates the impact of the alteration on cellular processes, making it a result of the experiment or study."
16,ebf18b99b02fb3d1db0496847c4a501822c13c5e>8cd504093b651fd4e1ee5cc5695bc607289314b3_0,background,The text primarily establishes the context – the lack of evidence for the effectiveness of manipulative therapy for treating Chronic Regional Pain Syndrome (CR). It introduces the topic and situates the issue within a broader discussion of cervical manipulation as a treatment method.
17,676b19ba1c40fedf4d27a3f48a766ac20b960f8e>fe2fd3262b549d1b36898127e3cc7ca1c1dd3646_4,result,"The text explicitly states that 'our data showed that Smt3 and Ubc9 have pivotal functions during mitosis.' This directly demonstrates the results of the study, making it a result section."
18,10e20e964f4934b478319b37b0617f10880c7d2c>650a68920d6f007cd6d6de8a695fae07e7a8260f_8,result,"The text describes a specific finding – Scp160p's involvement in a network (SESA) – and its function as a translational activator. This directly provides evidence or a consequence of the initial investigation, making it a result of the research."
19,326861d2fcb678c73ebdb8e065998cbab5f9f6e9>a81fc7d0035f1f651b8454f05274ebeee6dc6acc_0,method,"The text describes a specific experimental procedure – measuring mitochondrial respiration, copy number, ROS emission/scavenging, and calcium handling – used to investigate energetic stress in HCM hearts. It outlines the specific measurements taken, indicating a methodological approach rather than a general overview of the research topic."
20,2bc41c1556884d73206abcb0f0c3812e4bef205b>d91ae7f9c252cc67980a19231970ee249fcbd92e_3,result,"The text describes findings from previous empirical analyses, specifically attributing solar adoption to subsidies. This directly demonstrates the result of those analyses, making it a result section."
21,5d3996c173eeedf80bd41f36aff3c0c9da54937a>5142ce7b4f63cb4a956fbb52a07349210dd64cf6_0,result,"The text describes a finding – the potential necessity of a third group of proteins to cope with electron flow alterations – and provides evidence for this observation. It’s a consequence or outcome of a study, not a description of how the study was conducted."
22,cac9d02d7c9e7a082135858b927fa32770de68dc>None_0,background,"The text explicitly states that the results are consistent with 'field observations' and 'laboratory observations'. These are foundational elements of a background section, providing context and establishing the relevance of the research to the broader scientific field. It doesn't present novel findings or a new methodology."
23,af794c74a2bfd33336bca2a410ed42a978d98a89>691576326d898a7e56628c7775eb1acd93316a58_4,background,"The text explicitly states a preliminary observation – a decrease in SC absorption – and provides citations for further research. It doesn't present a new experiment or methodology, but rather establishes a context for the subsequent study."
24,729825e6d3fad0a83fbcbd456f817d05d4dd28f2>49ceb1ded7f36b2a523f383150782a81d80c6863_1,background,"The text describes a preliminary finding – the discovery of SNPs linked to colorectal cancer risk – without providing a detailed explanation of the mechanism, methodology, or broader context. It's a descriptive statement rather than an analysis or procedure."
25,0c84e9852f312bb9b0dfd1955ebc3cf56123bf94>2dce7fc0c967c8938391c54b4cde6b377d49175a_2,background,"The text primarily introduces the concept of matricellular proteins and their role in ECM organization, stating that they contribute to this process through modulation of cell-matrix interactions and cell signaling, rather than acting as structural components themselves. This is a foundational discussion that sets the stage for subsequent findings."
26,607f8689d219edadabfcf2cb62c48f946eed9450>1b30fdb090377f302ff8bc8c5f3f1f42ac157c84_1,result,"The text describes the observed benefit of a treatment (PBM) in a specific clinical scenario (postmastectomy lymphedema) and provides supporting evidence for this benefit. It’s a description of a result observed in the study, not an explanation of how the treatment was performed or a detailed description of the methodology."
27,c9a63a4272af92612219617b75bcf0c6ab2bfdd7>cb101cdbe7aac08d64577ea4ec526d1663a9899d_6,method,"The text explicitly describes the method used to measure mitochondrial transmembrane potential – flow cytometry using JC-1 stained cells. It details the specific staining protocol and the instrument used, clearly outlining the experimental procedure."
28,b950f4539f57d008a62d1b14f076fa79362226b0>096bdd2bf22b5f68c1e4f6fb8e684a3e8f47953c_1,background,The text describes the initial setup – the training of language models using a specific dataset (CSJ) – without detailing the specific techniques or results. It's a general introduction to the context of the research.
29,68a0523eae915908c151ce0f00d3289d5944586b>f589dd5ca77e324b57154ffb843cf9857e94d33e_0,background,"The text provides a general introduction to the use of cisplatin in cancer treatment, establishing its historical context and prevalence. It doesn't present any specific findings or experimental procedures."
30,60ff14a8bce8e43c0cb85f5433ed57409d7b2899>45a5b5b6883064ab16de2f0e424ed83fceedf2b8_0,background,"The text primarily introduces a general observation about genotype shifts observed in several Asian countries. It doesn't present specific data, experimental procedures, or analysis. It's a foundational statement establishing the context for further research."
31,efaa33b745b1420d6bf13873a4df09680c7984e0>eb08d5a6852228a7b45deb22f1bf4dde945020c6_4,background,"The text primarily describes a previously known phenomenon – the localization of γ-tubulin around centrosomes only during mitosis – without offering new information or analysis. It's a statement of existing knowledge, rather than a description of how something was done or a proposed method."
32,99169f18a30bfcf450d1c08304d4bfb73476a4bc>15aa036f9761495ca881a3f21b09ceab90821104_4,result,"The text describes the observed effect of dsRNA – specifically, targeting gene-specific destruction of mRNA – and provides evidence supporting this effect. It references previous research (Fire et al., 1998; Tabara et al., 1998; etc.) as supporting the concept. This directly contributes to the understanding of the phenomenon being investigated, making it a result of the study's methodology."
33,11452d7d54ccb0a38251b21baf988d2cef80de18>df07e27533ed02351a090850f93259b5ba6df76e_10,method,The text explicitly describes the procedure used for spermatogonial transplantation – the preparation of recipients – which is a key step in the methodology section. It doesn't present results or discuss the overall study design.
34,39aca52b748a1e8969413295fc736ea90fd930ea>b7c9b2632ffbcef4a35a6bf0c85686d9f11c1532_9,result,"The text describes a specific observation – the contradictory results observed in bovines – and provides a citation to support this finding. It’s a consequence of the experiment or study, not a description of the methodology itself."
35,91e70dd09e2f11ae1fe9d50a158e0897982c59f5>4df6b3366a6941eb537d4990fa82e963205feca2_1,result,"The text describes an observed effect – an increase in CagA phosphorylation following the introduction of EPIYA motifs – and provides citations to support this finding. This directly demonstrates the result of a study, making it a result section."
36,38f75407e33adf753372ad61a05761abff2bd9b1>8067ef3a4a8c620f615368408a811747cacb15dc_1,result,"The text describes the observed interaction between Srebp1/2 and Hmgb1/2, and how their activity is enhanced by Hmgb1. This directly provides evidence of the effect being investigated, making it a result-oriented section."
37,15783ea4c99fe2b855d04f3531395faff82aa95a>f2e93d20d57b3f296911c399705fa5eed006c764_1,result,"The text explicitly states a finding (the relationship between combined twin birthweight and discordant pairs) based on previous research (Blickstein et al., [3,15]) and confirms this finding through the observed data. It’s a consequence or outcome of a previous study, not a description of how the research was conducted."
38,48efd0b4da7649dc865f6ea10a54e78004bb6b0a>5e9bdbeb12fb3d726cc5f6caaa0bb85e4319644e_2,background,The text primarily presents a previously reported finding – the effect of β-glucan on IFN-γ production – which is a foundational piece of information that sets the stage for the subsequent results and discussion in the paper.
39,2e8e515a004bee99bb91d5344dc91e8855e3395e>0da4a90c139164532691e314425354c2a80a9578_0,result,"The text describes the observed occurrence of tumors in a specific field (low-dose irradiation) and provides examples of other studies that confirmed this finding. It’s a consequence or result of the research described, not a detailed explanation of the methodology."
40,e364d59a1dc537f2d51cebd7647030833629bb07>d18293e4a7b9d11f93cd5384005e289e00122f07_0,background,"The text primarily introduces the concepts and formalisms of beamforming – specifically, scalar and vector beamformers – without presenting any experimental data or results. It focuses on the theoretical development of these beamforming techniques, making it a foundational section."
41,ad241e15eb1e767b6a8bf91e081ba89fa1784d84>88ed7f5b40fbe4f1d212b2967eff5cba78c85d75_4,background,"The text primarily introduces the topic of retromer tubule formation and its significance, providing context for the subsequent research. It doesn't present results or describe a method, but rather establishes a foundational understanding of the phenomenon."
42,ac5fb99eda6b95e9703bb3d93417df5f7373e662>e9891d090394b105cc1a6a85ccf55253ca96728c_0,result,"The text describes a specific observation – a serotype shift – and provides supporting data (the occurrence of DENV-1 in different years). It doesn't present a new hypothesis or a detailed explanation of the process, but rather a factual account of a phenomenon observed."
43,bb21e98f4b1b7bc5a2e89fda1139d98763d78bab>c14be2a7007e022da13889d804a540d0c0c34264_5,background,"The text primarily describes existing applications of neural meanfield models, focusing on their use in understanding bi-phasic responses induced by anesthetics. It doesn't present new methods, results, or data analysis – it establishes a context for the subsequent discussion of neural meanfield models."
44,044557c18b4243f8d567b874fca8b9f908b3bdb1>500ac9f017ebe3886fc573ecd7b2d16d72f3cd29_0,result,"The text describes an observed effect of atranorin – avoidance or growth reduction – in a specific organism (insects) and provides evidence for this effect. It doesn't present a method for investigating the effect, rather it details a result of an experiment."
45,a90db26255bf4bd0251dd1d6d3c48af2eb4072ac>41d7d2f90f1c139a9537a1be239e9c823ea22646_1,Background,"The text provides a general overview of the research location and the types of locations where the study was conducted. It establishes the context for the subsequent results and methods. It doesn't present specific data or experimental procedures, but rather describes the geographical scope of the investigation."
46,1101d5e8b3bac5243ccd4251c3f60b59e35ade37>a0372f7f85607ad16681f4e506c195645c5863ee_0,result,"The text describes a specific observation and a comparison between bandwidth and memory size, indicating a result of an experiment or investigation. It doesn't explain the *how* or *why* of the observation, but rather presents a quantifiable result."
47,e4381e08dc4560734aa844b63619c29f3ca7b4b7>5d53f75d1e3aad4e9d7b9c280541cfc3ff7f9bae_4,result,"The text describes findings and observations made by researchers (Takamori et al., 2001, 2002a, b, Wittmann et al., 2013) regarding the Brainstem catecholaminergic groups and the role of VGluT3. It presents the results of their experiments, not a background explanation of the research question or a description of the methods used."
48,f78435844f6f59630273f3c8a31800fb4b59aa65>c205e82ddf7d9bd759cca3e16baa60c49cecf056_0,method,The text explicitly describes a data preprocessing step – transforming the training set trees to be the 'best achievable within the model class' – which is a core component of the experimental methodology outlined in a methods section.
49,b4465f300d540ee0c4261522c64a9f7c7684ab9f>05ea19e2b660025765aac6249f47f9183d0472d8_3,background,The text provides a general overview of the research topic – the involvement of genes in succinoglycan biosynthesis – without detailing specific experimental procedures or results. It's a descriptive statement about the initial discovery and identification of these genes.
50,78df72c544579fbdc6f5c9a4b38434699e645873>a0c52ddd655648ddf0c426553bf0957e8abcc02a_2,result,"The text describes a summary of the observed distribution of cells and collagen VI expression, which are key findings presented in a subsequent table. It's a result of the experiment, not a detailed explanation of the methodology itself."
51,80160aee8cdcbc26e6b65dd28fd07246c349140c>9b191008e5ce88ef5fb79694fa7fb8d7ab10170b_8,result,"The text explicitly states that a high overlap between PSD-95 and PLCb1 signals is being confirmed, implying a demonstration of the findings. It details how this observation was previously limited by Western blot analysis and electron microscopy, suggesting a successful validation of the subcellular location of PLCb1."
52,10f06d20a2bdecc69cb1d253d30ecad4b2c69405>31a2353cc61f4e73c7eee8f3c1a03ebf13373ee6_0,method,The text explicitly describes the method used to assess Neurodevelopmental outcome – the use of the Revised Griffith scales of Mental Development. It doesn't present background information or results of a study.
53,89d1c36c9e9e05ab0dc2f1e50589913eb2f57e80>0dc94c0e43086e09e474a0da769ce280e9dad6b0_0,result,"The text describes an observed effect – the accumulation of BHT in the lung and its subsequent impact on alveolar epithelial damage – which is a direct consequence of the action of BHT. It’s a result of the experiment or observation being described, not an explanation of the process itself."
54,fbea85be172e21855cee46d6209bae3f95941ff3>17f2bd869df15476815b6d6a98d9a3184ea6c714_0,result,"The text describes a specific risk measure used by the authors – the Artzner et al. coherent risk measure – and explains its application in the context of incomplete markets. It doesn't present a method for calculating or justifying the use of this measure, but rather explains its theoretical basis and implications. Therefore, it falls under the 'result' category."
55,3ebfb729621e55b8d9439ddb58074a342e7c1207>ef00264a745c3fc01019f8483502fcec7986e0c6_1,result,"The text describes a finding – that stress and the activation of the HPA axis lead to cocaine self-administration – and then discusses manipulations of the HPA axis to attenuate the acquisition of the behavior. This is a direct consequence of the observed effect, making it a result of the research."
56,21c7fa119032c976a89625081e9fc8497aadf520>dbcb2c6cbf1ce8aa365028b1437e918b30e5e0a5_2,background,"The text provides a general observation about elk behavior in relation to wolf predation risk, offering context for further research. It doesn't present specific data or experimental procedures, but rather describes a known phenomenon."
57,6456c9c786e55a6232fb8ab9d6fff3c50d5fc2c1>f589dd5ca77e324b57154ffb843cf9857e94d33e_0,background,"The text primarily describes existing knowledge and mechanisms related to resistance to CDDP. It outlines various pathways and processes that have been identified as contributing to this resistance, making it a foundational section for understanding the topic."
58,0fd548a07b8d113f5f6a6255abe191668120ac53>74809ba2f3834024b56f5b0784655b1435708c60_0,background,"The text primarily describes a phenomenon – the denervation of muscle tissue due to a sciatic nerve transection – without offering any specific findings, analysis, or experimental procedures. It's a descriptive statement of a known physiological event. Therefore, it falls under the 'background' category."
59,fbfe2f43a8cc743b21e4177e5d0440849db1724e>412434187174932788fc14d7d51f88ff45b3c0d8_2,background,"The text primarily provides a general overview of the potential effects of insulin resistance, focusing on the underlying mechanisms rather than specific experimental findings or procedures. It introduces the concept of abnormal glucose and fatty acid levels and their consequences."
60,3e883835fcb3fcbfdae9ca37dc7a20fb267e3248>8b36f7dd382ff8ffa3c65fde7405085423a6ac77_0,Background,"The text provides a general overview of existing research on the global flux distribution of algae. It summarizes previous findings and establishes the context for further investigation. It doesn't present specific experimental methods or results, but rather a summary of established knowledge."
61,9462acef826a6b495fe8fb281660ee4418bb840e>21aaceb3fc27e8cc831e25191d967daa0d8962bf_8,result,"The text describes the observed association between the AAMCI and AD risk, and the subsequent follow-up studies demonstrating this association. It presents a finding – an association – that is a direct consequence of the study's methodology. It doesn't explain the *how* of the finding, only that it was observed."
62,5a5de10b3d41dd0c6f6a8f290808e074c5187d01>79f61a170f1b2133713feec94b5fa730841273ea_10,background,"The text primarily introduces the topic of large-scale visual data and its ongoing research. It sets the stage for a discussion of the field, rather than presenting specific results or procedures. It’s a general statement about the importance of the area."
63,acf4f8e5546446508c0f22bd5e386abb1e91426b>09310473ea701efa2a538e2aa1a5c1d000075be3_1,background,"The text provides a list of compounds and their known roles in plant biology, specifically focusing on signaling pathways and lipid metabolism. It doesn't present experimental results or a detailed methodology for investigating these compounds. It's a descriptive overview of existing research rather than a description of how the study was conducted."
64,466370a07796a549b71a23078832e7be97aeba2c>d016cfb73144a94baa41c9af746332480a3c3648_4,method,"The text describes a specific method – logistic regression – used to calculate relative prevalence. It doesn't present background information or results from previous studies, but rather details the methodology employed."
65,bd957c2217d3dc716e74dabd06895e8c1db0cc02>c99d1450150bc0d23a6ce14519d9e73c3e5ca126_0,result,"The text describes a finding (increased PWV) and proposes a possible explanation for it (pre-diabetes or insulin resistance). It suggests a correlation between these factors and a specific outcome (new onset diabetes after transplantation), which is a direct consequence of the study's findings. It’s not a detailed description of the methodology used to arrive at this conclusion."
66,94cbcbee26d7d31b6facccd18a6c2672737b9827>29ab3e4228c5deaab49209006a761f77b64feaaf_1,result,"The text describes a finding – the potential bias of PAF estimates – rather than explaining a process or outcome. It’s a consequence or observation of a previous study, not a description of how a method was applied or a detailed explanation of the methodology itself."
67,7a9bf55cf151a07a0ca8237e765ba0d1412c73ee>e232a3393e6366652d41b8619b6ffd7b240194e3_5,background,"The text primarily describes an existing phenomenon – the identification of mutations in the sgl locus – and its relationship to a previously described mutant (wingless). It doesn't present new data or a new experimental procedure, but rather provides information about a known observation."
68,0244de3610992df3e77b65de794861810a673a48>89634acca7f883bb26a15b1db301488353d8654d_8,result,"The text describes a finding – a difference in reaction time between individuals with SAD and controls – that is the primary outcome of the study. It’s a direct result of the research conducted, not an explanation of the process or a description of how the study was conducted."
69,345180770287ab9188e2dcfa2fd2ba0cd58214bb>9fd5ad25d7ed98d5586e815e260ebc98f490134e_2,method,"The text explicitly describes how the data was obtained – by the Epidemiology Unit of the Department of Animal Health, Ministry of Agriculture and Rural Development of Vietnam. It doesn't present the results of analysis or a discussion of the data itself, but rather details the source of the data used."
70,ea92be6e5a2c9249991326f5e9f847e20e470322>2f3e26e993c38d346b279a043e05dfc140edf561_0,result,"The text describes a specific observation – evidence suggesting a preference among deaf couples for deaf children – and its potential implications (using prenatal diagnosis). This directly relates to the outcome or findings of a study, making it a result."
71,7e51c787152017274805a1db5d5c80a5d161dc54>bd657e005f384849ca6b918f6e61fb0d3a2738ce_0,background,"The text primarily describes a phenomenon – a temporary bite change – and its occurrence in a specific patient population. It doesn't present findings, analyses, or procedures; rather, it establishes a preliminary observation. It’s a foundational piece of information that sets the stage for further investigation."
72,052157cc6f9b1faee4edf6bf3908236b30cdebf3>3e042815478444b00b9ad534c0be190fcdd9d7d4_1,result,The text describes a specific experimental outcome – the method used to achieve NE – and details the specific approach taken (liquid inoculations instead of cultures). It doesn't present a theoretical framework or a broader context for the research.
73,3874a1098d1e34b107a9c4ba1a1e200070de15b0>7d253f083d75e9cba4af91751451b379fb5c37a3_3,background,"The text primarily presents a general observation about systemic hemodynamics and sympathetic activation. It establishes a potential link between imbalances and insufficient postprandial sympathetic activation, referencing established research (Jansen and Lipsitz, 1995; Umehara et al. 2014; Hirayama et al. 1993; Mathias 1991). This is a foundational statement that sets the stage for further investigation and doesn't present a specific experimental procedure or analysis."
74,0ab21c6d52fff004a9b617cf818da94fdcabbde3>7fc5bdd1248a6cddca1a52c32f33ee9adfcfae26_1,background,"The text primarily introduces the existing research on face processing, referencing early studies and highlighting limitations. It sets the stage for the subsequent discussion of the method being explored."
75,0d16e1ff081f170337e530014df950ac5a5e83c8>f050627e5d20b53029f1d9fd334276ead4162e53_0,background,"The text explicitly states that 'visual impairment is common among patients in rehabilitation facilities,' establishing a foundational point for the research and setting the context for the subsequent results. It's a general statement about a prevalent phenomenon rather than a specific procedure or observation."
76,959b02dc505a08bbad56f255ab7e0290a189749c>2734273d37e052007920ae7f93183abefe5f87d4_0,method,"The text describes a specific experimental procedure – simulating a fall on the greater trochantor – used to fracture femurs. This directly describes the method employed in the study, not a general overview of the research."
77,27db8d3a2c85cbc34deef51ce4cd850b431b4b34>a81b383bf01b572d28e1566650d938a6fe414e57_5,background,"The text primarily introduces the initial suggestion and the research question regarding BCL-xL's potential to influence mitochondrial channels. It doesn't present experimental data or a detailed methodology, making it a foundational piece of information rather than a step in a specific experiment."
78,6a804576072855ed8986d32dcefabc3e5e9cee8a>69f6fc72599d7e1a304943183ea73b17f617f391_0,result,"The text describes a finding – decreased negatively charged zeta potential in Gram-negative bacteria following antibiotic treatment – and states that this is consistent with previous research (Winfield et al., 2005; Gooderham and Hancock, 2009; Moffatt et al., 2010). It presents a consequence of the observed effect, making it a direct result of the experiment."
79,60f9b3448b6ee314f2108d2236cfc5ab04e116fb>bb8d38d63788f5144bd92244e2633c546ece91d5_0,method,"The text describes the use of the MADRS as a method in clinical research, outlining its application and rationale for its use. It doesn't present results or observations, but rather explains *how* the scale is being utilized."
80,04d1b0214bef9a4ad8931f37f57b3b7659a086d2>d5e0eef4f2c722e7cd4d047e4ed8c7c4a89bf840_0,result,"The text explicitly states that the results are consistent with findings, indicating a result of the study. It doesn't present a new hypothesis or a method for investigation."
81,a55f17fbdeb6adf8c1e818f16e6577a42f0060d6>0be119ce0687e7a6281b7bd7e6ed9161d127903f_1,method,The text describes a specific experimental method – the double nicking of opposite strands using a Cas9D10A mutant and two gRNAs – that is presented as a step in a research process. It outlines the procedure rather than providing broader context or results.
82,7c7b2e1dff18b4b5e2e9fe3e1d7f09c47851ddb4>866268b9af08727566b9164c262160f1b6d4d1bf_0,background,"The text primarily provides an overview or description of a technology (the Microsoft Kinect) and its general characteristics, without presenting specific experimental data or results. It serves as an introduction to the topic rather than detailing how it was achieved or analyzed."
83,fc68d5f72afa48abfe8190e0699498043d4dd172>301ca06f7d7942caf28c52152b977161ecc65242_0,RESULTS,"The text explicitly describes the observation of GFP-Pex34p localization within peroxisomal matrices, specifically in a pellet fraction enriched for mature peroxisomes. This directly provides evidence of the observed phenomenon and is a key component of the experimental results."
84,1834ab3cb84bd4c5de9ff26e6cd206dbf44b993d>74677094ba4fb0f7a6297326b4c9cf8e6ea1fce2_0,result,"The text explicitly states that 'all coated NiTi wires showed more deflection with the unloading force than the loading force,' which is a direct consequence of the experimental observation and a key finding of the study. It’s a result of the investigation, not a description of a method."
85,556eb78302ffe5ec66ff085d5f1a1e46b4f9450c>713946316d4c6a8011c84e6e0f7ab8bb6a1dfd91_1,background,"The text primarily describes a general investigation into the thermal decomposition of natural fibres – a foundational step in any scientific study. It doesn't present novel findings or experimental results, but rather establishes the context and scope of the research."
86,d793b0e2afcdfe65d4a25ca1acc861fae228ef11>cdf826f56975a67b3f1ef3778cc866768d22fdc1_2,result,"The text explicitly states that the 'evaluation of the impact in the accuracy' of the node’s response has been performed. This demonstrates a result of the study, rather than a method used to achieve it. It describes the outcome of an experiment."
87,749ff9f6c213d8c81250920947520a4743259c46>a3a813bd9033d9da7b64a83af73283b7129ca18e_0,method,"The text describes the study's methodology – specifically, the exclusion criteria used to select participants. It details how subjects were excluded based on labor data and the rationale behind this exclusion (lymphocyte distribution). This is a core part of the study's procedure."
88,9b91ec5455e956ecdd1402dc3ac2925316ceded3>2296d6a70ca69928c98b6c08070164fea2c6a6db_0,result,The text explicitly states that the conclusion is consistent with the findings of a previous study (Fu et al. 2002) – a direct result of the research conducted. It doesn't present a new methodology or background information.
89,a6841e7193671126d4ecbe3d6a4dc3e484f345af>8c0040b80eb3457cf1aaef9d522637f295db3251_2,result,"The text describes the observed effects of dust and land surface changes during the Dust Bowl era, and discusses ongoing debate about their significance. It presents findings and analysis – the 'result' – rather than explaining the methods used to arrive at those findings. It doesn't detail the research process or experimental design."
90,6ac4a33dcce8c8821ffd16c1f8d4d23a27f4a506>6186e70a6bc014d7d5b82a4649574ef25e7b7ec0_0,background,"The text primarily introduces the concept of MBs (presumably referring to a measurement or parameter) and provides a general overview of their importance, without detailing specific methods or results. It's a foundational statement about the topic rather than a description of how it was investigated."
91,b9da01a2f8eb36903220c4b6777addc80a74f007>315d84e2ff0f948068d6888f00ca716f5c44958c_4,method,"The text describes a specific method used in the design – capturing a specific DNA sequence. It details the technique employed and provides supporting evidence (previous studies and phylogenetic tree) to validate the method's accuracy. It doesn't present results or observations, but rather explains how the experiment was conducted."
92,9b0f8366932a559cf29283bf8299ecfe77997c20>42dc50c30fc3cdee9b7dc9405ad70c239c03ae1c_9,result,"The text describes the observation of 'straight lines on these semi-log plots' and provides a quantitative interpretation of that observation – the presence of exponential distributions. This directly contributes to the results of the study, indicating a key finding or observation."
93,c43862db5eb7e43e3ef45b5eac4ab30e318f2002>18c72175ddbb7d5956d180b65a96005c100f6014_0,background,"The text describes the dataset used – the Extended Yale B dataset – which is presented as a foundational element for the experiment. It doesn't present the results of the experiment itself, but rather provides context about the data available."
94,4f3d40553fb10c7d7eb129b381c30d4bc85081c4>b3267b3f8ba4e3b24e9ee2308c96dfcfe525bb66_2,background,The text primarily introduces the topic of Actinobacteria and highlights the limited research on cold-adapted isolates. It doesn't present experimental results or describe a method used to study them. It's a general overview of the field rather than a detailed description of a specific study.
95,4041ffb32ee870fed354f8d1df023b43df7cae98>1a1fbfaf8fbc81ff9719e91b359711acdbb0c4c8_0,method,The text explicitly states 'the Lineweaver-Burke equation was used to calculate the maximum deformability (EImax) and the shear stress required for one-half of this maximal deformation (SS K).'
96,c73ba50857f08d2a8262b3f6a3e3de5b6bc50027>51474c521cd1ba63e235cc34ec7001ef7e4fb247_0,background,"The text primarily describes a historical practice – early fruit removal – and its relevance to plant recovery and a source-sink relationship. It doesn't present new data, analysis, or experimental procedures. It’s an overview of a known phenomenon."
97,0e6132f640080c4d4a9643f3155837f963e5eee0>71d0760fb3d7c98337e4cbbdc4b4d899f73ec29f_0,methods,The text explicitly describes the implementation of a TSP heuristic (Lin-Kernighan heuristic) and provides a link to the source material for further reference. This clearly falls under the 'method' section of a scientific paper.
98,82209e41e5f53051c020258ac7950e211555f2af>77b73b12bdc2a43491d7b1f17d882df420813e7b_0,result,"The text describes the findings of an experiment – specifically, the insufficient effect of CK signaling on tuber formation in tomato – and provides a possible explanation for this result. It doesn't present a new method or a background discussion of the topic."
99,8f1317445357b0986c38add07ad58224b8ad201d>445772fb03b657692fb285764e94463a436ff87b_2,result,"The text describes a finding – that the Dscam transgene effectively prevents sister branch extension – and presents the evidence supporting this observation. It’s a consequence of the experiment, not an explanation of the process itself."
100,96d59f09d602d930beddbc2785972d443efa4d93>723a4b4f3019cd5a5f8546925d8cf4478a0d03b7_4,result,"The text explicitly states a comparison between the current findings and a previous analysis. It highlights a discrepancy and suggests a difference, indicating a result of the study's investigation. It doesn't present a method or background for the study."
101,2ecc0a1cf0e7566125ac1f6273f12f654e8e7314>274a773a7ed231ab0400b231003dcadb400231a7_1,result,"The text describes a finding – the likelihood of sequences adjacent to arrays being the result of recombination – and provides supporting evidence (BARE-2 chimera). It doesn't present a method for determining this likelihood, nor does it discuss background information or a theoretical framework."
102,a27d729c32fbf7e5a601910bf2037e2999157e7e>c2e59f17807e2c8a6562ba169bf981b375b1312b_0,method,"The text explicitly describes the method used to measure psychoform dissociative experiences – the use of the Dissociative Experiences Scale–II (DES-II). It details the scale's components, scoring system, and the purpose of the measurement."
103,a1d74b4d976fd796bfe2210fe309ac50da624dec>e534f2caa4207899af221c6804ccd4759dd1d66f_0,background,"The text primarily provides an introduction to Rutin, defining it as a polyphenolic bioflavonoid and discussing its sources. It doesn't present any experimental results or procedures."
104,b7e0dd1b46093fcf7aa87ca447193a7f3ccbe22a>3958baf5b8b755ef9541ab17a2f101a0a6e246fe_0,background,"The text explicitly describes a package (topology) for structural analysis, outlining its functionality and the reporter metabolites algorithm used. This describes the context and purpose of the analysis, rather than the specific methods used to perform it."
105,10e5b4c5db04999a8e430ea6dd6b3ef1407b6c29>70562525f30013e54641b3e4f98716f7b615d77f_2,result,"The text describes the findings of previous research – specifically, the observation of Dusp6 mutant mice exhibiting specific skeletal and developmental abnormalities. It doesn't present a new experiment or methodology, but rather a summary of existing data."
106,9a7c7b1420b247b1a3b3c5aef5d18f453e9d9209>8627f9a24557be6d72d32ce927becd0dd8deeb4d_0,background,"The text primarily introduces the problem of butanol tolerance – a complex phenotype – and highlights the difficulty in engineering strains with enhanced tolerance. It doesn't present any experimental data or methods, only a description of the research area."
107,37fca3729cff1f00bc9805d0e34d967dc41ddf46>91a1531532e1b1657a7701c8c7a0d4b89f0b8b7d_2,result,"The text describes a specific outcome – the suppression of pro-hypertrophic effector mechanisms by sorafenib – and provides a mechanistic explanation for this effect. It’s a consequence of a treatment, not a description of the initial process or a detailed explanation of a method. Therefore, it falls under the 'result' category."
108,44b5a8fde9f6c45652d642ac9d27ecb12d755ce7>a790aabb1b75ce456b0d6e7f9a79a48df554b398_1,result,"The text describes a finding (the positive association between higher FOXP3-positive T cells and the presence of VELIPI) and provides a potential explanation for it – the contribution of sex hormones in the modulation of Tregs. This directly demonstrates the outcome of the study, making it a result."
109,365727bf4eebb774f1f0e86f420c8b6ee8caeb77>6df9cfbb8925634a398a798179aacbf70c566f1b_0,background,"The text simply presents a commonly reported finding – the most common mechanisms – without offering any analysis, interpretation, or explanation of the findings. It's a descriptive statement rather than a step in the research process."
110,6b039f244b00aa01231fa2d926090a80588ed10c>83810c03324aad30451f497572b2b48c5e1fa937_0,method,The text explicitly describes the methodology – the survey itself – using specific instruments (OVQ and RTC) and details about its application (sending surveys to hospital wards in a medical clinic in Sweden). This clearly indicates a method section.
111,867e2293e9780b729705b4ba48d6b11e3778e999>34cdcf6af7feb25dacf3ebf1067f953f9cc0e704_0,result,"The text explicitly states that Costa et al. (2013; Thabtah et al., 2004) ‘have pointed out’ that the minsupp threshold influences the number of rules generated and the training time. This directly describes a result of the study, indicating how the threshold affects the process."
112,ee03bf89d418fb8671f0f6e15fff8c1044a419bb>0b49042dc6ead8227aa42f0fb47032542b6c07d0_0,method,"The text explicitly describes the methodology used – the calculation of Logical Memory (LM) standard scores based on the WMS-R and MOANS normative data. It’s a detailed explanation of the procedure, not a description of the results or a summary of findings."
113,4b06a64aa5c7cbdd411e55c1d9c5f24e979a7268>a3083f8d0f51221d2e191ea515535025698e09e0_3,background,"The text primarily describes the use of a chemical compound (Quinolinic acid) in a biological experiment – lesioning the hippocampal formation and caudate nucleus – without providing specific details about the experimental design, data analysis, or results. It's a general statement about the compound's application rather than a detailed description of the procedure or findings."
114,5761a054bcfe271838211c33cb0c4204b1b453f4>f9bca7f18bd31ec6aa4535f89dcede1aee7b6614_2,result,"The text describes an observed effect – the near-deterministic channel and the averaging out of small-scale fading – within the massive MIMO regime. This directly provides a result of the analysis, rather than a description of how the analysis was performed."
115,85e766e708cac537f272621e1d8d1e641279806c>9bd8a440cfb92cc5f7f45d88cce6f9d651b98237_0,background,The text primarily presents a general observation about the potential impact of species richness changes on marine biodiversity and ecosystems. It establishes the context and introduces the topic without detailing specific methods or experimental design. It’s a foundational statement rather than a description of a specific study.
116,d195d3a2602d5e1ed17f9d1b583f582a6b1239f5>993bf6263167b7c3cb38e2992214cec590cd93fd_0,method,"The text describes a procedure (supracondylar osteotomy) and details the technical challenges involved, specifically mentioning the need for a large incision. It’s a step-by-step explanation of how the procedure is performed, making it a method section."
117,a2a8bd01f5b9bc5dd385376d267b6f9c3eda74eb>ea70d629ed0d5cb5ad83db3250514fccdb4f2600_0,result,"The text ""46 reported improved model performance to predict the presence of prairie fish species if information on reach and catchment scale are combined"" explicitly describes a *result* – the observed improvement in model performance. It details the outcome of an experiment, not an explanation of the process or a description of how the model was built."
118,fbfe2f43a8cc743b21e4177e5d0440849db1724e>412434187174932788fc14d7d51f88ff45b3c0d8_4,result,"The text describes the observed effect of insulin resistance – the cellular unresponsiveness to insulin – and its consequences, specifically the increased need for insulin to maintain normal glucose levels. This directly demonstrates the result of the phenomenon being studied."
119,90910fda9a026ff80f248208efc880cc9dfb0c33>974c64594b6e0381c96186a594406e9fbbe2f4af_4,result,"The text describes the observed effect of a disorder (depressed patients) on the brain's function – specifically, reduced engagement of medial temporal regions – which is a direct consequence of the observed changes in mental imagery. This aligns with the typical role of a result section in a scientific paper, detailing the findings of an experiment or observation."
120,85211f8a3f76eb3538fc74c096f3dee38b21da8c>7322791117d359c63adce5d011a55a24fbb0fd82_1,result,"The text describes a specific biological process – the effect of PERK activation on protein synthesis – and the subsequent consequences (translocation into the nucleus and gene transcription). It presents a demonstrable outcome of the PERK activation, making it a result of the experiment."
121,3414229f741897298ac0d82d5ed6b20beac55167>ea24eb39ddac5afdfe450c82ab70bf2829ae1cf5_2,method,The text explicitly describes the 'Flow cytometry method' used – the specific instruments and reagents employed. It details the specific analysis performed (Flow cytometry analyses) and the source of the data (MIP-GFP mice). This clearly falls under the 'method' category.
122,65f5ef9ccc8fe2b55b39347dc1e622e81f432a71>1ada518aaad1dd3c3894ad70a0385907a9f94657_1,background,"The text primarily introduces the concept of synchronization and its importance, providing a general overview without detailing specific methods or experimental results. It establishes the problem being addressed – atomicity violations – and highlights synchronization as a common solution."
123,ab37f4f828b5a24c39a89b115c03aaf0747a41d4>7e7343a5608fff1c68c5259db0c77b9193f1546d_0,method,The text explicitly describes the method used – the calculation of Cohen's kappa statistics after tertile partitioning of initial SYNTAX scores. This is a core step in the methodology section of a scientific paper.
124,7efb549b6192f03d3559a5a1a9ebd210b9730e5f>843e7753e2612ec9a3ba60de6cead8478202b5f5_1,background,"The text introduces the general topic of assigning economic values to environmental functions and ecological services, establishing the context for the subsequent discussion. It doesn't present specific methods or results, but rather sets the stage for the research."
125,656571ac01ebe50489fdd7e4651194cc3fc4eaf8>4b8d3c91b321226b55df916411cbdf807ce8b067_1,background,"The text primarily introduces the topic of ixazomib and its potential benefits, setting the stage for further research. It doesn't present specific results or details of a method, but rather highlights a significant advancement in the field."
126,3a3cd8d933b56f5b55095c63134c97714af21cd0>None_0,result,"The text describes a comparison of the success rate of ZOE teeth filling versus CH teeth filling. It states that the ZOE teeth filling achieved a 'quarter' of the induction rate, indicating a statistically significant improvement. This is a direct result of the method used – comparing the outcomes of two treatments – and is therefore a result of the study's design."
127,aedaeb497b8f487feb4b0850774a36640ab82fdd>5a65b3062aeb246577af6965922f15ade93ffe44_1,result,"The text describes the observed outcome of a study – the necessity of T3SSs for Salmonella invasion – and provides evidence supporting this conclusion. It doesn't present a theoretical framework or a detailed explanation of the process, but rather a factual statement about a specific finding."
128,35e0f3b268b3f861d24fee96aeaeb85fc723dee4>6d96855aa74594c22604427348d49e67e7ca2bd7_0,method,The text explicitly describes a method – reviewing radiology reports – used to analyze data. It details the specific patient populations and the protocol applied to each subset.
129,245aa6bf01bcc9e225bb07ee3e230ee82c3e2b6d>66146e787d57649c0336179be9386637311a0022_0,result,"The text describes a consequence observed – indirect effects on co-occurring species – resulting from herbivory. This is a direct outcome of the herbivory experiment, making it a result of the study's investigation."
130,9ca1f7a80a703ad8de00ab028c210e3d2eda4e40>32a54bec72f62407084289dfc1b6df4c9a7ce1cf_3,method,"The text explicitly states that the method is being evaluated on 'two collective activity datasets from [6,7]' and 'a newly recorded dataset collected by ourselves'. This indicates a focus on the method's performance and implementation, rather than a description of the underlying research or a broader overview of the field."
131,9d10103f5056b6b650245395b3a1ee49df9d5199>2ae69afebf2f5f68f646c31ef8d7028bf0193ed5_0,background,The text provides a general overview of a known phenomenon – the induction and suppression of apoptosis by Ras and p53 – without detailing specific experimental procedures or data. It simply states a known fact and its relevance to the study.
132,551c30c8c3ffd11bb00ffef7d89fa3bec52a1102>f25f4beb189c66b5d0e805ab5a667765137f1787_2,result,"The text describes a finding – increased trunk muscle stiffness and spine stability resulting from pre-loads – that is a direct consequence of muscular activity. It’s a result of an experiment or observation, not an explanation or procedure detailed in the method section."
133,6842c4012876891ba4eda4e5b63e86d344e42e55>1be2b5ee291d5ddff0e3a0c92ecc5370c2224844_0,background,"The text primarily provides a general overview of post-translational modification and its potential roles, without detailing specific experiments or findings. It establishes the context and significance of the topic, making it a foundational section."
134,f92ee4af334b6218ccc8dcc45bcc96af59c190a6>aa3d7a72f3ad9fd00cb9b8e683968489cff824cd_4,result,"The text describes a specific observation – the binding of PP1c to scaffold proteins – and its subsequent localization to the actin cytoskeleton at the plasma membrane. This is a direct consequence of the binding, and therefore represents a result of the experiment or study being described."
135,eadecd53e3e032364dd6e60f962c778bd15ed878>d162e4225a1e517fec148e300d51ed8e9b37d9d2_2,result,The text describes a quantitative result – the difference in flow rate between the asymptomatic and symptomatic groups – and provides statistical significance (P = 0.003). This directly indicates the outcome of the study and is a key component of the results section.
136,89ff1ce57324b4ed1672ab1acbc5ac621ee29d57>4314a4cf8eb0b4430f801d8ef838f7d9f7df15fa_0,background,"The text describes the purpose of the materials – 5 plastic boards – and their distribution in a field setting. It's providing context for the UAS-based image processing, rather than presenting the results of the processing itself. It establishes the materials as a component for the system."
137,3d7251993f61009cd4df26e5bef6c4fb7ee7ac4b>f456ce411f0e83ad2e4c2cadb68918406b2bb355_0,result,"The text describes a finding – the opposing effect of flutamide exposure in the thymus compared to the testis – and presents it as a result of the thymic model. It doesn't explain the *how* or *why* of this observation, only that it was observed and supported by a specific model."
138,59e423ba6b316d0e41854a984583dbd9a4923180>e66c167f0d491b77454b0904a1621393a493beed_3,background,"The text describes a previously observed pattern, a phenomenon related to substrate age gradients, without presenting any specific data or analysis. It simply states a fact – a known observation – without explaining how it was discovered or how it relates to the study's aims."
139,11926774491ab35c0ed22eac422e88acbaa22cfe>1f7b044bb763cc879ccde9764a975952e3a62f90_0,method,"The text describes a method for screening experiments – specifically, 'one-shot screening' and 'sequential screening' – rather than presenting the results of experiments themselves. It's detailing the procedure used to select experiments for further analysis."
140,c49ef960d4abc1e03b2b36dbc42f44e3c001ce46>4400c5c46b12fd9f5de1d05d0d4e79d7f820f536_1,background,The text primarily introduces the concept of the method being described – Model-Based Image-Matching (MBIM) motion analysis – without providing any specific details about the analysis itself or its application. It’s a general statement about the research approach rather than a detailed description of the results or how it was performed.
141,af794c74a2bfd33336bca2a410ed42a978d98a89>691576326d898a7e56628c7775eb1acd93316a58_3,result,"The text describes a finding observed in subsequent studies – that altering affinity to FcRn affects mAb bioavailability – and provides a comparison between SC bioavailability in FcRn-deficient mice and wild-type mice. This directly demonstrates a result of the research, not a description of the methods used to obtain the result."
142,ee1044d28ac91fb1b855b46fce87c2a130cccd30>ea4417963e297526910f89bde598a92583ec1969_0,method,"The text describes the method used for diagnosing cirrhosis – imaging studies and assessment of liver synthetic function. It doesn't present a theoretical explanation or background information about the topic, but rather details the procedure itself."
143,4473b9edd330888039313570a8658f66833c4a60>68d7abb99ec6293d5cd54871b3f0b5c90e3cb3c7_0,result,"The text describes observations and findings – specifically, the identification of retroperitoneal air and its characteristics – which are the primary outcome of a study. It doesn't present a theoretical framework or explanation, but rather a description of what was observed. It’s a result of the investigation."
144,c6d36125efb4ab7d6b762533ea0713fb71b2e6dc>fedbdd871ff0f366be43bcb5b03d0f326e50612e_0,result,"The text describes a finding observed in previous research, specifically referencing a relationship between stimuli and subsequent outcomes. It presents a result of an experiment and suggests a pattern observed in other conditioned inhibitors, indicating a demonstrable effect."
145,4b63bcc53edd789bf9ed352b3cd3cab7b925091c>3901e74e570d758f8d4431e1b9507102bef173fe_0,background,The text primarily describes the study's eligibility criteria and the characteristics of the patient population. It establishes the context for the research by outlining the target population and the inclusion/exclusion criteria. It doesn't present results or methods of the study itself.
146,1e07b16fb589780721887f60271a8b1c2868fb8b>40c5741dc18ca03e625306b5bbf6622d097176a3_8,result,The text describes the findings of a study – the high numbers of three species found in MT – and explicitly states how these findings support a proposal for conservation and restoration. It’s a direct consequence of the research conducted.
147,c79f96fd63c55dcf18d735fed1fb3c88a3b41c2b>db425871ab8ac182d5f3609e7115b445ef1c9336_10,result,"The text describes the observed results of a study – the activation of two MAP kinases by shear stress and the subsequent signaling pathways involved. It presents findings as a consequence of an experiment, not as an explanation of the underlying mechanisms."
148,6779b348a0a191209db3364c35b385b2cb689ccb>566559c6efaca4701bf8c1099b6ecd9ba41b0ee6_0,method,The text explicitly describes a method – a time-calibrated phylogenetic analysis – being performed. It details the specific approach using Beast 1.7 and references a previously established constraint derived from Santos et al. (2009). This clearly indicates a method section.
149,0404a5980b012a552b05556d5f095c1056a09098>28bfb9f0e16cb66ba4422bee5902e79c5e89e765_0,method,The text explicitly describes the process of generating 'Dense Trajectory features' – a key step in the methodology. It details how these features are created by combining specific descriptors (HoG-HoF and MBH) and explains the underlying principle of optical flow.
150,000d8d128bc8b44b25970374b4ac274b83e5cfc1>d610bcbd3f209564b658758dfa2be77a4517d658_0,result,"The text describes the release of superantigens and their function, outlining a study's findings. It's a description of *what* happened and *how* it happened, rather than explaining the methods used to observe it. Therefore, it falls under the 'result' section."
151,45701ff05d3ed583a658f18aa998944c1d4eee7a>f89d87e5f4d58e9bb7d576ec6ae34a84240b9c5e_4,result,"The text explicitly states a correlation between positive mean PBR and negative mean NBR, and then references previous studies to support this finding. This indicates a result of the experiment, rather than a background or method section describing how the experiment was conducted."
152,4e2cb3a2859a8236a079a8ceed36c3b0331a3afa>1183830a1de3ccddf2fc5a9a3f01e94e4773f6f8_6,method,"The text describes a specific procedure – adding a control sample – and provides citations to support the method. It doesn't present results or analysis, but rather a step taken to establish a baseline or confirm a process."
153,f33ad0e60a8b8a65b34132d457b5789d4374f595>e818bff84c194acb4dfd32e80808b683462b8031_0,method,"The text explicitly discusses the use of PCNM as a predictor, outlining a specific analytical approach. It details how this predictor was selected and raises concerns about potential over-fitting, a key aspect of method section analysis. This demonstrates a practical implementation of a method rather than a general overview of the research."
154,fc77de1769f24466ed1ed49c85f1b0a60f0c49b6>5c6e1299d0b4645b1d6dd6a9db59ca725128226b_0,result,"The text describes a specific finding – the functional implication of IAP2 in inhibiting TNF-mediated death – and provides a quantitative detail (40) about the regulation. This directly demonstrates the outcome of an experiment, making it a result section."
155,b98b42d4f58eb23e9d12cf554224a2dbe7f2ad23>b4b6700987b4de647dd0b7d8cb8e57f7abbf26d8_0,result,"The text describes a specific observation – the lack of electron transfer by LDH and glycerol-3-phosphate dehydrogenase in mitochondria in bacteria compared to other organisms – and then provides a rationale for this observation, citing research papers that support this finding. This is a direct consequence of the experimental results, not an explanation of the process itself."
156,d543ce5e35d1671e3df4f8703a1b5949bac800b6>None_0,result,"The text describes a quantitative observation – the proportion of frozenthawed primordial follicles – after a specific period of grafting. It presents a result of a study, not an explanation of a process or a discussion of the findings."
157,76fc8262a4b85a40e57f425403d23a39ea488873>9daeced0925b74cec0cb589d2682c6c9060e669b_9,background,The text primarily describes the findings of a previous study – the analysis of 4452 Brazilian adolescents – and references a previous study by Davison et al. This establishes the context for the current research and highlights the relevance of the findings.
158,0eea5d66f255d38333a181b445047d93ef678a93>642ac876ef7734e2c7b852bc3a7a8d987d8dbd83_0,background,"The text primarily describes a phenomenon (geographical dispersion) and provides a citation to support the observation. It doesn't present a new finding or a procedure for investigation, making it a foundational piece of information rather than a result or method."
159,e52cbdf015f10dfbe710f358a82ac4a0d4e3f48b>c4082a5693b83b5b3f53f9bcd21a5cfc1591b93d_1,background,The text primarily introduces the problem being addressed – computational issues related to a specific model (SSSF) – and its extension to dynamic scenarios. It doesn't present results or describe the method used to solve the problem. It’s a general statement about the research focus.
160,f21feb68e99003d0034c99d301f49babe4f578cd>22c5d8c5619727c57c86f7c61056fc790e5331bf_1,background,The text primarily describes a general concept – the use of wireless power for relay nodes – without detailing specific experimental procedures or results. It’s an introduction to the idea rather than a description of how it was implemented.
161,fcbfb0dc4ea5f34129d8bd5bdac9f3071e53731c>4b557a30c883f974cf871d87b2646e1dc9cdff4a_3,result,"The text describes a specific observation (pellet dissolving) and attempts to explain it. However, it explicitly states that the explanation is unclear due to the observed phenomenon, indicating a result rather than a method. It’s a consequence of the experiment, not a procedure used to understand it."
162,4dc04900869a24f27a4929495043a3569fe61f26>5e8a668e31d50d6005d09eb895ad2f7dbe1d2bad_3,result,The text explicitly states a finding – that 40% of the study population would benefit from increased solar exposure – and presents this as a result of a previous study. It doesn't describe how the study was conducted or explain the underlying mechanisms.
163,272d26ac51503e51b07735b0ad1461cbf48a19bf>a0b3d0f8ee97e24085f7cd0849f857b451704fb8_0,RESULTS,"The text explicitly states the observed results – that the phorbol ester mimics the effects of cell-cell communication and differentiation inhibition, but do not induce differentiation or maturation. This directly provides the outcome of the experiment."
164,a987290394cf4476ea4f55f3f7bb427ff5cebf34>0c610357d8682ecc3239863bf0ccf9c8d9090381_11,result,"The text describes the observed levels of heavy metal variation and provides a possible explanation for it – attributing it to irrigation water and agronomic practices. This directly demonstrates the results of the study, not the methods used to obtain those results."
165,51c7b381edeec1f0fb4e3c3f7a4d5a5bf2a49a28>01994833ad94026b07221b3ae0e57783c016b67d_12,result,"The text describes a specific observation – the increase in double phosphorylation – and its implication (characteristic of activated kinases) without explaining how this was measured or the overall experimental design. It's a description of a finding, not an explanation of the process or a detailed methodology."
166,7801866bcfec901af53dcd6ba7fb381fa54db30e>21c58f2f4a377853fa58c8d5ac624b38df3bc250_2,background,The text primarily introduces the concept of homeoproteins and their conserved peptide domain. It establishes the existence of this domain and its significance without detailing experimental procedures or results. It serves as a foundational explanation for the subsequent discussion.
167,32a37b57be457f782f9b79f4bca7015ac59b8f09>846996945fc33abebdcbeb92fe2fe88afb92c47e_0,method,The text describes a specific experimental setup – combining two different fine-tuning methods (LN and Full-LN/LRPD-LN) – and explains *how* this combination was implemented. It’s not a general overview of the research but a detailed description of the procedure used in the experiments.
168,53837bc23a9d84123c1e583b562a1d89e35272ea>72cfcbaf296d0b887847c0d22eee4ea015ed3c20_2,result,"The text describes a specific observation – the detection of the translocation event – and its subsequent implication. It doesn't present a theoretical framework, a comparison with previous work, or a detailed explanation of the experimental procedure. It simply states a finding and its implications, making it a result-oriented section."
169,3ad3837dbb7812a0baf839d8eb88f50035cab156>6b85dce37b745ebafac661f6fad5bfad943f1513_6,background,The text primarily describes a pre-existing phenomenon – the 'ball' events – and their significance within a specific context (HBCs). It establishes the existence of these events and their purpose without presenting any new data or analysis. It’s a descriptive statement about a known element rather than a description of a process or experiment.
170,51f8d9f8af3d1817548da5cb608532380551e0a0>1e2ad6ed68782079b43531623ef7914db5accad8_0,background,"The text primarily provides a general overview of several established biological processes – tRNA selection, acetylcholine receptor desensitization, and F0F1-ATP synthase subunit rotation – without detailing specific experimental procedures or results. It serves as a foundational description of these phenomena, establishing the context for subsequent research."
171,97f37a8c3bcf1fa47dc4dc30584220d4dfda0f00>904982897704e4f7da459f4f57f2ae2d189fc198_0,background,The text primarily describes a potential benefit or outcome of a study – prolonging antigen circulation and interaction – without providing specific details about the research itself. It's an introductory statement about a potential effect rather than a description of how the study was conducted.
172,14d2501d3639b574322a4271e5aa70a5ad43efb1>02091e924c05f839a4311bb50c25b573e1045548_4,method,"The text explicitly describes how the Multiple Kernel Learning (Group Lasso) was implemented, comparing it to a previously presented method. It details the adaptation and use of a specific implementation (21) and a different implementation (Varma and Babu [33]) for comparison."
173,9983cb9a683f30df0452003cf3068895e4961996>2ad0ee93d029e790ebb50574f403a09854b65b7e_4,background,The text primarily describes a general concept or class of research – appearance-based approaches to face analysis – without providing specific details or results. It sets the stage for the subsequent discussion of specific methods.
174,32c8872cc759b19b3fd879390108cf1f95f6adf8>ca7594f0427d3e176bb15caf6b3665fc07ea9210_0,background,"The text primarily describes the setting and the rationale for choosing a specific value. It establishes the context of the study and explains why that value was selected, which is a characteristic of a background section. It doesn't present results or describe methods."
175,b5a076b270d17b28cfb0a389bc503d12b5f64288>4044489d3f31cec999bc6cba9d7c7f91e511ffb2_3,result,"The text describes the observed effect of PKCη-C2 on chondrogenic differentiation in hMSCs. This directly demonstrates the outcome of the experiment, making it a result."
176,147a7998d2504b8857ee7d538901cc658b112017>3680b354980d14ddc9b05f40a49fe18163e02e2f_0,result,"The text describes a practical implementation of a rook pivoting scheme for tridiagonal matrices, citing existing methods (3 and 11) and referencing a potential outcome – a 'chasing' scheme – which is a direct consequence of the chosen implementation. It’s not a detailed explanation of the theory behind the scheme, but rather a demonstration of its application."
177,d793b0e2afcdfe65d4a25ca1acc861fae228ef11>cdf826f56975a67b3f1ef3778cc866768d22fdc1_6,result,"The text describes an improvement made to an existing architecture – rearranging the detection method (DM) and reducing control management – following an initial proposal. This directly demonstrates the impact of the initial architecture, making it a result of the work presented."
178,2799066ec55c1ce0083040d18075a5a426c471bb>dd8f4f7e0817631ce27599150b90a66691936052_0,Method,The text explicitly describes a method – the 'three-sigma signal' being triggered – and provides the condition for triggering that method (data points exceeding 3 standard deviations from the average). It doesn't present background information or results from previous studies.
179,6e908a4cb359da05fd2488a074be513817179b6a>3e2cc7f92250ec8951fdb55edab9bbbcfed4bf95_2,background,"The text provides a general overview of the research area – the analysis of neural networks with time delays – and highlights its current interest. It doesn't present specific results or details of a method, but rather establishes the context and importance of the topic."
180,268f9c5c5f980d9e97420454f1c57cdebb0ab0af>07a249b5f48113f232162e2b0e7baccc53e4511b_0,background,The text primarily describes existing approaches to aligning classes and entities. It mentions two specific systems (RiMOM and iliads) and their involvement in this alignment process. This is a foundational element that sets the stage for subsequent research or discussion.
181,773d60e3daccb49ce9e5968631e16fc471730326>6a8166d1e3d6112a635a207be35653820f3472e5_0,result,"The text describes 'olfactory bulb odorant ORFs' – findings consistent with the observed results of mitral cell responses to odorants differing in carbon chain length. This directly demonstrates the outcome of the experiment, making it a result section."
182,187df3e90aa34079e26694c26e7563cc1aeb5490>a3b34b4a8ad38ac101f4bcf7bd4f6c9036edeac0_0,background,"The text primarily describes the setup and initial connection of the neural activity to a specific device (Cambridge Electronic Design) and a circuit. It doesn't present the results of the experiment itself, but rather provides context for the experiment's purpose."
183,e06c8966e57806d20fc9329f16636b2fac2469b8>e4675af68d613dc95ae1c192ed154307a0d3d7be_4,method,"The text describes a method – specifically, an experiment – to investigate the mechanism of antitermination. It details how reducing substrate NTP concentration impacts antitermination in the absence and presence of NusA, outlining a procedure for observation and analysis. It doesn't present background information or results from previous studies."
184,f1a11165ef394e3987acc4cc0056af620790b5fd>631b5d6071ec74833d779b6d5702c25a6b2be9cf_11,result,"The text describes an observation – the presence of depression at synaptic connections – which is a direct consequence of the experiment or study being conducted. It’s a factual statement about the results of a study, not an explanation of how the study was performed."
185,47851e108a5855cb0fd375c9bdd039f78cc16c25>02bf68795fa74f0984701fa84df877a27dae6a2f_5,result,The text describes an empirical finding – the larger estimated response of the economy to a shock to policy uncertainty – based on a specific method (using Baker et al. (2012) identifying restrictions). It presents a result rather than explaining the methodology or providing a background for the study.
186,727c14bfa29c48e0f5d8173cb9ada312acb9d242>35c96b1cf334a61ec9c81b7ee0b71f06bcc87d60_0,background,The text explicitly describes a component of a method – the reversal component – and provides citations to research that supports its existence and function. It doesn't present results or describe how the method was implemented.
187,a0cedf03204eff9e56a98fd28a4ceb4bba824893>8136368261536e4d6b468bc737147ad51872b97f_2,method,"The text explicitly describes a method for exposure assessment and outcome/confounding assessment, detailing how these are approached and the considerations used. It doesn't present results or background information."
188,481f6de6f4c003e735aa15d6d276a901408f65e1>3e4d52351c7c7b894b6bda0481e491ee9f226387_0,method,"The text explicitly describes the procedure used to assess the tumors – the TNM staging process – and provides the reference for those guidelines. It’s a step-by-step explanation of how the assessment was performed, making it a method section."
189,f20cf27f1c49917aff7ea08f7715f28e37e067b0>91695bee521ee44b2c08a87d9693953afc26583f_7,background,"The text primarily introduces a model and its conceptual basis – the Error Duration model – without presenting any experimental results or data. It focuses on the model's introduction and a preliminary interpretation of its function, rather than detailing the model's application or findings."
190,b2437280c041ec8d063c61ed70c6b2af94e1bf47>503b943df1ad7aa01ab0db136b95c10ddce84ccc_0,result,"The text explicitly states the findings of a study and how those findings are supported by other research. It describes a situation and its consequences, which is a key characteristic of a result section."
191,06a8baa6ee9a1c6266c6e9f45c6005063f362ae6>f682815858b2237503414de5848242e6cee99892_7,RESULTS,"The text explicitly states 'Further comparison with the distribution of 11 -hydroxysteroid dehydrogenase type 2, which is found in the DCT and CNT (4) confirmed the different pattern of expression of RhCG in these segments (Fig. )'. This indicates a comparison of results and the demonstration of a pattern, which is a core component of the results section."
192,1f9a44b75f2a0bc800c56dd520a71daf454df4dd>144421d0903da7d7b4aa6c075af99e742e21cda7_4,result,"The text describes a specific finding – the increased risk of sore throat with the use of a throat pack – and contrasts it with previous research. It presents a result of a clinical observation, not an explanation or procedure description."
193,14a3466286992dbae6e23a1f15ef0854c2ff9d08>b084e5c0306f460c4d75ce66d12324800a844c71_0,result,The text describes a specific experimental outcome – the reversibility of the TPP inactivation with bupivacaine – and provides details about the duration of the anesthetic effect. This directly demonstrates the results of the experiment.
194,97bcdfcffc0e1d2f43dee7457ec19852c9c7d157>1dad631d5dee0a121a8320becb30e5c5dd24e16c_0,result,"The text describes 'new approaches' and 'emitters and sensors' – these are explicitly presented as results of research or experimentation. It doesn't explain the methodology used to achieve these results, nor does it present the methods themselves."
195,72ae22792dd0e55ce4ec007998298cbbfb007ae1>71be0d1a3a8559a2f2724688cc06194840fdfaba_0,result,"The text describes the observed effect of specific antibiotics on penicillin, cefotaxime, ceftazidime, and aztreonam – a direct result of the experiment or study being described. It details the inhibition of resistance by these drugs, which is a measurable outcome."
196,599de37e6628fd9e2f42eff08de73e85fc9e3e10>d55c95cedf9904a2776b682518c24b4d4d96bec7_16,result,"The text describes a phenomenon (ribbons and short-wavelength folds) and proposes a possible explanation for its occurrence based on existing research (Ghent and Hansen, 1999). It doesn't present a new method or analysis, but rather offers a hypothesis that can be tested or further investigated. Therefore, it falls under the 'result' category."
197,47851e108a5855cb0fd375c9bdd039f78cc16c25>02bf68795fa74f0984701fa84df877a27dae6a2f_2,background,"The text describes the initial estimation of a VAR model, which is a foundational step in a research project. It doesn't present the results of the analysis or how the model was implemented. It simply states the existence of the VAR model and the source of its parameters."
198,3437828d0f119422120824f184d273437b08dffe>fe417bd4ddbefa7b8a3eef96647282a545100315_3,method,"The text explicitly describes a method – the measurement of adherence to the healthy Nordic diet using the Baltic Sea Diet Score (BSDS) [13]. This is a key component of a method section, detailing how the research was conducted."
199,88ac5f824d2edeb7130cebb7cdae8463f93e4006>652c2c1c168ef4de6039e99ce870fe43c4e639a7_0,result,"The text describes observed trends and results of a study, specifically mentioning increased risk for violence, drug abuse, and impulsive disorder. It states these findings align with the results of the present study, indicating a direct consequence of the research conducted."
