sectionName,string,id,model_classification,reasoning,predicted_classification
Introduction,"However, how frataxin interacts with the Fe-S cluster biosynthesis components remains unclear as direct one-to-one interactions with each component were reported (IscS [12,22], IscU/Isu1 [6,11,16] or ISD11/Isd11 [14,15]).",1872080baa7d30ec8fb87be9a65358cd3a7fb649>894be9b4ea46a5c422e81ef3c241072d4c73fdc0_11,background,"The text discusses the current state of knowledge about frataxin's interaction with Fe-S cluster biosynthesis components, citing previous studies and highlighting the uncertainty and complexity of these interactions, which is typical of a background section that provides context and introduces the research question.","However, how frataxin interacts with the Fe-S cluster biosynthesis components remains unclear as direct one-to-one interactions with each component were reported (IscS [12,22], IscU/Isu1 [6,11,16] or ISD11/Isd11 [14,15]). The potential role of frataxin in the regulation of the Fe-S cluster biosynthesis pathway is also unclear, and it is essential to understand how frataxin interacts with the components of the pathway to fully appreciate its function in the regulation of iron metabolism"
Novel Quantitative Trait Loci for Seminal Root Traits in Barley,"In the study by Hickey et al. (2012), spikes were sampled from the field at the point of physiological
robinson et al.: genomic regions influencing root traits in barley 11 of 13
maturity, dried, grain threshed by hand, and stored at −20C to preserve grain dormancy before germination testing.",ce1d09a4a3a8d7fd3405b9328f65f00c952cf64b>b6642e19efb8db5623b3cc4eef1c5822a6151107_2,background,"The text mentions a specific study by Hickey et al. (2012) and describes the methodology used in that study, which suggests that it is providing context and background information for the current research, rather than presenting new results or describing the methods used in the current study.","In the study by Hickey et al. (2012), spikes were sampled from the field at the point of physiological
robinson et al.: genomic regions influencing root traits in barley 11 of 13
maturity, dried, grain threshed by hand, and stored at −20C to preserve grain dormancy before germination testing. The grain was then dried to a moisture content of 20%, ground into a fine powder, and a sample of 100 grains was taken from each plot.
The grain was then dried to a moisture content of 20%, ground into a fine powder"
Introduction,"The drug also reduces catecholamine secretion, thereby reducing stress and leading to a modest (10-20%) reduction in heart rate and blood pressure, which may be particularly beneficial in patients with cardiovascular disease.(7) Unlike midazolam, dexmedetomidine does not affect the ventilatory response to carbon dioxide.",9cdf605beb1aa1078f235c4332b3024daa8b31dc>4e6a17fb8d7a3cada601d942e22eb5da6d01adbd_0,background,"The text provides information about the effects and benefits of a specific drug, dexmedetomidine, and compares it to another drug, midazolam. This type of information is typically found in the background or introduction section of a scientific paper, where the context and relevance of the research are established. The presence of a reference number (7) also suggests that this text is providing foundational information, rather than presenting new results or describing a methodology.","The drug also reduces catecholamine secretion, thereby reducing stress and leading to a modest (10-20%) reduction in heart rate and blood pressure, which may be particularly beneficial in patients with cardiovascular disease.(7) Unlike midazolam, dexmedetomidine does not affect the ventilatory response to carbon dioxide. However, it may cause a mild increase in heart rate and blood pressure, and may cause sedation. (8) Dexmedetomidine is used in the treatment of severe pain, especially in patients with a high risk of postoperative complications,"
Discussion,"By clustering with lowly aggressive close kin (King 1989a,b; Viblanc et al. 2010; Arnaud, Dobson & Murie 2012), breeding females may decrease the time/energy cost of maintaining territorial boundaries (Festa-Bianchet & Boag 1982; Murie & Harris 1988), which could ultimately lead to increases in net energy income (TA) or higher allocations in somatic or reproductive functions.",d9f3207db0c79a3b154f3875c9760cc6b056904b>2cc6ff899bf17666ad35893524a4d61624555ed7_3,background,"The text discusses existing research and theories, citing previous studies and authors, to provide context and explain the potential benefits of a specific behavior, which is a characteristic of a background section. It does not present new data or results, nor does it describe a methodology, but rather provides a foundation for understanding the topic at hand.","By clustering with lowly aggressive close kin (King 1989a,b; Viblanc et al. 2010; Arnaud, Dobson & Murie 2012), breeding females may decrease the time/energy cost of maintaining territorial boundaries (Festa-Bianchet & Boag 1982; Murie & Harris 1988), which could ultimately lead to increases in net energy income (TA) or higher allocations in somatic or reproductive functions. However, the impact of this strategy on the reproductive success of the species (e.g., breeding success, reproductive success) is not well understood.

In this study, we examined the effect of clustering with lowly aggressive close kin on the reproductive success of"
Discussion,"Ophthalmic symptoms are rare manifestations of the intracranial arachnoid cyst, and include unilateral exophthalmos, visual field abnormality, decreased visual acuity and isolated palsies of the third, fourth and sixth cranial nerves [1–5].",88b86556857f4374842d2af2e359576806239175>a5bb0ff1a026944d2a47a155462959af2b8505a8_2,background,"The text provides an introduction to the topic, mentioning the rare manifestations of intracranial arachnoid cysts and their associated symptoms, which is typical of a background section. The presence of citations [1-5] also suggests a review of existing literature, further supporting the classification as background.","Ophthalmic symptoms are rare manifestations of the intracranial arachnoid cyst, and include unilateral exophthalmos, visual field abnormality, decreased visual acuity and isolated palsies of the third, fourth and sixth cranial nerves [1–5]. The most common symptoms are related to the third cranial nerve, which is responsible for the lateral rectus muscle, leading to the exophthalmos and the third cranial nerve palsy. The fourth and sixth cranial nerves are also affected,"
Discussion,Recent studies identified Wee1 as a potential molecular target in cancer cells and the selective small molecule Wee1-inhibitor MK-1775 demonstrated promising results in cancer cells with enhanced levels of Wee1 (96-98).,df2f5d253798a83b31b1df8d4a343bdcdfeb492b>d91f4ce0487619e1ff3f30facd959e2530bde365_1,background,"The text provides context and references previous studies, setting the stage for the current research. It mentions specific details about Wee1 and MK-1775, which suggests that it is providing foundational information, characteristic of a background section. Additionally, the text is labeled as 'Discussion', but the content appears to be introductory and explanatory, which is more typical of a background section.","Recent studies identified Wee1 as a potential molecular target in cancer cells and the selective small molecule Wee1-inhibitor MK-1775 demonstrated promising results in cancer cells with enhanced levels of Wee1 (96-98). However, the mechanism of Wee1 inhibition in cancer cells is not fully understood, and further research is required to understand the potential therapeutic applications of Wee1 inhibitors.

## Step 1: Identify the target of the study
The study focuses on"
3. Discussion,"These problems combine to make early diagnosis essential and immediate treatment a necessity, even for the youngest patients [17, 18].",68746a4e82e33029804f135bd35a2bc42c68df26>4fb0ebdfe25b15c4bc42d81b1338cfdb9f2469be_0,background,"The text appears to be setting the context and highlighting the importance of early diagnosis and treatment, which is a common theme in the background or introduction section of a scientific paper. The presence of citations [17, 18] also suggests that the text is providing evidence to support a claim, which is typical of background sections.","These problems combine to make early diagnosis essential and immediate treatment a necessity, even for the youngest patients [17, 18]. However, the diagnosis of early-stage lung cancer in children often relies on the combination of clinical and radiological features, which may not always be easy to distinguish.
Lung cancer in children is a rare disease, and its early detection is challenging. However"
Discussion,"Also, results demonstrated that the molecular weight and G/M ratio were important factors in controlling the antioxidant properties of sodium alginate (Şen 2011).",5997ebb2ded3b4519db864d65a04fba82266e034>e7b139d78c756155ac0937e8020d6004b60c6f9d_0,result,"The text mentions 'results demonstrated', which indicates that the section is discussing the outcomes of an experiment or study, and also references a specific study (Şen 2011), which is a common way to support results in a scientific paper. Although the section name is 'Discussion', the content of the text is more focused on presenting results, hence the classification as 'result'.","Also, results demonstrated that the molecular weight and G/M ratio were important factors in controlling the antioxidant properties of sodium alginate (Şen 2011)."
1. Introduction,"Recently, the light-induced method, which is based on the changes of surface wettability of certain materials [12], has been developed and provides amore convenient approach for cell harvesting [13].",91984c897f134f875ba9ffdac986a108b930be28>3bb5bde8426dd630c536d04c1ad108bf6e966450_3,background,"The text mentions a recently developed method and provides references to previous studies, indicating that it is providing context and background information on the topic, rather than describing the methods used in the current study or presenting the results.","Recently, the light-induced method, which is based on the changes of surface wettability of certain materials [12], has been developed and provides amore convenient approach for cell harvesting [13]. The light-induced method has been used for the extraction of various compounds from cell cultures, including proteins, lipids, and nucleic acids [14, 15].
However, the current methods for extracting compounds from cell cultures are often based on the extraction"
Introduction,"Currently, with advances in radiotherapeutic, chemotherapeutic, and surgical techniques, limb-salvage surgery has become an accepted treatment [2–9].",5550c4a3b899f2a493d77cdfff7d5121e6c15ba4>3d58af42e260a67f91f3d38f49eb2a80750817d2_1,background,"The text provides an overview of the current state of treatment for a specific condition, mentioning advances in various techniques and citing references, which is typical of a background section in a scientific paper, providing context and establishing the foundation for the rest of the paper.","Currently, with advances in radiotherapeutic, chemotherapeutic, and surgical techniques, limb-salvage surgery has become an accepted treatment [2–9]. However, limb-salvage surgery is not without complications, and the choice of the appropriate surgical technique depends on the specific clinical situation.
Limb-salvage surgery is often used for patients who have lost a limb due to trauma, tumor"
