sectionName,string,id,model_classification,reasoning,generated_reasoning
Introduction,"However, how frataxin interacts with the Fe-S cluster biosynthesis components remains unclear as direct one-to-one interactions with each component were reported (IscS [12,22], IscU/Isu1 [6,11,16] or ISD11/Isd11 [14,15]).",1872080baa7d30ec8fb87be9a65358cd3a7fb649>894be9b4ea46a5c422e81ef3c241072d4c73fdc0_11,background,"The text discusses the current state of knowledge about frataxin's interaction with Fe-S cluster biosynthesis components, citing previous studies and highlighting the uncertainty and complexity of these interactions, which is typical of a background section that provides context and introduces the research question.","However, how frataxin interacts with the Fe-S cluster biosynthesis components remains unclear as direct one-to-one interactions with each component were reported (IscS [12,22], IscU/Isu1 [6,11,16] or ISD11/Isd11 [14,15]). The presence of a frataxin domain in the ISD11/Isd11 protein suggests that it may be involved in the biosynthesis of the Fe-S cluster.
The role of frataxin in the biosynthesis of the Fe-S cluster has been investigated in the context of the ISD11/Isd11 protein, which is a key component of the Fe-S cluster biosynthesis pathway in yeast [15]. The ISD11/Isd11 protein is a frataxin domain-containing protein, and it is involved in the biosynthesis of the Fe-S cluster in yeast.
The ISD11/Isd11 protein is a frataxin domain-containing protein"
Novel Quantitative Trait Loci for Seminal Root Traits in Barley,"In the study by Hickey et al. (2012), spikes were sampled from the field at the point of physiological
robinson et al.: genomic regions influencing root traits in barley 11 of 13
maturity, dried, grain threshed by hand, and stored at −20C to preserve grain dormancy before germination testing.",ce1d09a4a3a8d7fd3405b9328f65f00c952cf64b>b6642e19efb8db5623b3cc4eef1c5822a6151107_2,background,"The text mentions a specific study by Hickey et al. (2012) and describes the methodology used in that study, which suggests that it is providing context and background information for the current research, rather than presenting new results or describing the methods used in the current study.","In the study by Hickey et al. (2012), spikes were sampled from the field at the point of physiological
robinson et al.: genomic regions influencing root traits in barley 11 of 13
maturity, dried, grain threshed by hand, and stored at −20C to preserve grain dormancy before germination testing. The grain was then dried to a moisture content of 10% and stored at −20C.
The grain was then stored at 4°C and 60% moisture content for 6 months to simulate the conditions of the field. The grain was then dried to a moisture content of 10% and stored at 4°C to simulate the conditions of the storage facility. The grain was then stored at 4°C and 60% moisture content for 6 months to simulate the conditions of the storage facility. The grain was then stored at 4°C to simulate the conditions of the storage facility. The grain was stored at 4"
Introduction,"The drug also reduces catecholamine secretion, thereby reducing stress and leading to a modest (10-20%) reduction in heart rate and blood pressure, which may be particularly beneficial in patients with cardiovascular disease.(7) Unlike midazolam, dexmedetomidine does not affect the ventilatory response to carbon dioxide.",9cdf605beb1aa1078f235c4332b3024daa8b31dc>4e6a17fb8d7a3cada601d942e22eb5da6d01adbd_0,background,"The text provides information about the effects and benefits of a specific drug, dexmedetomidine, and compares it to another drug, midazolam. This type of information is typically found in the background or introduction section of a scientific paper, where the context and relevance of the research are established. The presence of a reference number (7) also suggests that this text is providing foundational information, rather than presenting new results or describing a methodology.","The drug also reduces catecholamine secretion, thereby reducing stress and leading to a modest (10-20%) reduction in heart rate and blood pressure, which may be particularly beneficial in patients with cardiovascular disease.(7) Unlike midazolam, dexmedetomidine does not affect the ventilatory response to carbon dioxide. Therefore, it is an excellent choice for patients who require sedation but are sensitive to hypoxemia and cannot be adequately sedated with midazolam.
Dexmedetomidine is a potent alpha-2 adrenergic agonist with sedative, analgesic, and anxiolytic properties. It has a unique pharmacological profile that makes it an excellent choice for patients requiring sedation, particularly those with cardiovascular disease.
Dexmedetomidine has several benefits that make it an attractive option for patients:
1. Cardiovascular stability: It does not significantly lower blood pressure, which is beneficial in patients with cardiovascular disease.
2."
Discussion,"By clustering with lowly aggressive close kin (King 1989a,b; Viblanc et al. 2010; Arnaud, Dobson & Murie 2012), breeding females may decrease the time/energy cost of maintaining territorial boundaries (Festa-Bianchet & Boag 1982; Murie & Harris 1988), which could ultimately lead to increases in net energy income (TA) or higher allocations in somatic or reproductive functions.",d9f3207db0c79a3b154f3875c9760cc6b056904b>2cc6ff899bf17666ad35893524a4d61624555ed7_3,background,"The text discusses existing research and theories, citing previous studies and authors, to provide context and explain the potential benefits of a specific behavior, which is a characteristic of a background section. It does not present new data or results, nor does it describe a methodology, but rather provides a foundation for understanding the topic at hand.","By clustering with lowly aggressive close kin (King 1989a,b; Viblanc et al. 2010; Arnaud, Dobson & Murie 2012), breeding females may decrease the time/energy cost of maintaining territorial boundaries (Festa-Bianchet & Boag 1982; Murie & Harris 1988), which could ultimately lead to increases in net energy income (TA) or higher allocations in somatic or reproductive functions. In contrast, breeding males may be more affected by the increased energy costs of maintaining territory (Festa-Bianchet & Boag 1982; Harris & Arnaud 2010; Arnaud, Dobson & Murie 2012), leading to potential decreases in TA or allocations in somatic or reproductive functions.
In the context of the current study, the experiment provided a controlled environment for the breeding females to maintain their territory and allocate resources to their offspring, allowing us to examine the effects of"
Discussion,"Ophthalmic symptoms are rare manifestations of the intracranial arachnoid cyst, and include unilateral exophthalmos, visual field abnormality, decreased visual acuity and isolated palsies of the third, fourth and sixth cranial nerves [1–5].",88b86556857f4374842d2af2e359576806239175>a5bb0ff1a026944d2a47a155462959af2b8505a8_2,background,"The text provides an introduction to the topic, mentioning the rare manifestations of intracranial arachnoid cysts and their associated symptoms, which is typical of a background section. The presence of citations [1-5] also suggests a review of existing literature, further supporting the classification as background.","Ophthalmic symptoms are rare manifestations of the intracranial arachnoid cyst, and include unilateral exophthalmos, visual field abnormality, decreased visual acuity and isolated palsies of the third, fourth and sixth cranial nerves [1–5]. The most common presentation of intracranial arachnoid cysts is a non-specific combination of symptoms, which can include:
- Decreased visual acuity (5-15%)
- Decreased visual field (10-20%)
- Decreased or absent pupillary reflexes (10-20%)
- Decreased or absent corneal reflexes (5-10%)
- Decreased or absent ophthalmic reflexes (5-10%)
- Decreased or absent oculomotor reflexes (5-10%)
- Decreased or absent cranial nerve III (oculomotor) reflexes (5-10%)
- Decreased or absent cranial nerve VI (abducens)"
Discussion,Recent studies identified Wee1 as a potential molecular target in cancer cells and the selective small molecule Wee1-inhibitor MK-1775 demonstrated promising results in cancer cells with enhanced levels of Wee1 (96-98).,df2f5d253798a83b31b1df8d4a343bdcdfeb492b>d91f4ce0487619e1ff3f30facd959e2530bde365_1,background,"The text provides context and references previous studies, setting the stage for the current research. It mentions specific details about Wee1 and MK-1775, which suggests that it is providing foundational information, characteristic of a background section. Additionally, the text is labeled as 'Discussion', but the content appears to be introductory and explanatory, which is more typical of a background section.","Recent studies identified Wee1 as a potential molecular target in cancer cells and the selective small molecule Wee1-inhibitor MK-1775 demonstrated promising results in cancer cells with enhanced levels of Wee1 (96-98). However, Wee1 is also present in non-cancer cells and has been implicated in various cellular processes, including cell growth, differentiation, and apoptosis (99-101).
Wee1 is a cytosolic enzyme that plays a critical role in the cell cycle, particularly in the G2/M phase, by promoting the phosphorylation of the cell cycle regulators Cdc2 and Cdc25 (102-104). In addition to its role in the cell cycle, Wee1 has been implicated in the regulation of apoptosis, which is a critical process in maintaining tissue homeostasis and preventing cancer (105-108).
Wee1 is a highly conserved enzyme that exists in all eukaryotic cells, including humans (109-112). However"
3. Discussion,"These problems combine to make early diagnosis essential and immediate treatment a necessity, even for the youngest patients [17, 18].",68746a4e82e33029804f135bd35a2bc42c68df26>4fb0ebdfe25b15c4bc42d81b1338cfdb9f2469be_0,background,"The text appears to be setting the context and highlighting the importance of early diagnosis and treatment, which is a common theme in the background or introduction section of a scientific paper. The presence of citations [17, 18] also suggests that the text is providing evidence to support a claim, which is typical of background sections.","These problems combine to make early diagnosis essential and immediate treatment a necessity, even for the youngest patients [17, 18]. However, the current literature does not address the specific needs of young children with these conditions, which makes it challenging to develop an effective early intervention program.
The current literature does not address the specific needs of young children with these conditions, which makes it challenging to develop an effective early intervention program.
The current literature does not address the specific needs of young children with these conditions, which makes it challenging to develop an effective early intervention program.
The current literature does not address the specific needs of young children with these conditions, which makes it challenging to develop an effective early intervention program.
The current literature does not address the specific needs of young children with these conditions, which makes it challenging to develop an effective early intervention program.
The current literature does not address the specific needs of young children with these conditions, which makes it challenging to develop an effective early intervention program.
The current literature does"
Discussion,"Also, results demonstrated that the molecular weight and G/M ratio were important factors in controlling the antioxidant properties of sodium alginate (Şen 2011).",5997ebb2ded3b4519db864d65a04fba82266e034>e7b139d78c756155ac0937e8020d6004b60c6f9d_0,result,"The text mentions 'results demonstrated', which indicates that the section is discussing the outcomes of an experiment or study, and also references a specific study (Şen 2011), which is a common way to support results in a scientific paper. Although the section name is 'Discussion', the content of the text is more focused on presenting results, hence the classification as 'result'.","Also, results demonstrated that the molecular weight and G/M ratio were important factors in controlling the antioxidant properties of sodium alginate (Şen 2011)."
1. Introduction,"Recently, the light-induced method, which is based on the changes of surface wettability of certain materials [12], has been developed and provides amore convenient approach for cell harvesting [13].",91984c897f134f875ba9ffdac986a108b930be28>3bb5bde8426dd630c536d04c1ad108bf6e966450_3,background,"The text mentions a recently developed method and provides references to previous studies, indicating that it is providing context and background information on the topic, rather than describing the methods used in the current study or presenting the results.","Recently, the light-induced method, which is based on the changes of surface wettability of certain materials [12], has been developed and provides amore convenient approach for cell harvesting [13]. However, the efficiency of the light-induced method is still limited by the difficulty in controlling the light intensity, the wavelength, and the duration of the light exposure, which can lead to the non-uniformity of the light intensity distribution and the cell harvesting area.
To improve the efficiency of the light-induced method, the light intensity distribution, the wavelength, and the duration of the light exposure need to be controlled and optimized. The wavelength of the light is a critical parameter that affects the light intensity distribution and the cell harvesting area. The wavelength of the light is typically chosen based on the absorption spectrum of the material being harvested, but the wavelength should be chosen to optimize the absorption and minimize the absorption of other materials.
The absorption spectrum of the material being harvested is typically determined by the absorption cross-section, which is"
Introduction,"Currently, with advances in radiotherapeutic, chemotherapeutic, and surgical techniques, limb-salvage surgery has become an accepted treatment [2–9].",5550c4a3b899f2a493d77cdfff7d5121e6c15ba4>3d58af42e260a67f91f3d38f49eb2a80750817d2_1,background,"The text provides an overview of the current state of treatment for a specific condition, mentioning advances in various techniques and citing references, which is typical of a background section in a scientific paper, providing context and establishing the foundation for the rest of the paper.","Currently, with advances in radiotherapeutic, chemotherapeutic, and surgical techniques, limb-salvage surgery has become an accepted treatment [2–9]. The goal of limb-salvage surgery is to preserve the function and appearance of the limb, thereby improving the patient's quality of life.
Limb-salvage surgery is typically performed in patients with severe limb-threatening injuries, such as:
1. Complex fractures: Fractures that require extensive soft tissue damage, such as open fractures, or fractures with significant soft tissue loss.
2. Tumors: Tumors that have invaded the soft tissues and have caused significant damage to the limb.
3. Infections: Infections that have caused severe soft tissue damage and have led to significant loss of function.
4. Vascular injuries: Injuries that have caused significant damage to the blood vessels and have led to severe ischemia.
5. Tendon or ligament injuries: Injuries that have caused significant damage"
