true_label,predicted_label
background,unknown
result,unknown
background,unknown
method,unknown
background,unknown
method,unknown
result,unknown
result,unknown
background,unknown
method,unknown
background,unknown
background,unknown
result,unknown
result,unknown
method,unknown
background,unknown
method,unknown
result,unknown
background,unknown
method,unknown
method,unknown
background,unknown
background,unknown
method,unknown
background,unknown
background,unknown
result,unknown
background,unknown
background,unknown
result,unknown
method,unknown
background,unknown
method,unknown
background,unknown
result,unknown
background,unknown
background,unknown
method,unknown
background,unknown
background,unknown
background,unknown
method,unknown
background,unknown
method,unknown
background,unknown
background,unknown
background,unknown
method,unknown
background,unknown
method,unknown
background,unknown
method,unknown
result,unknown
method,unknown
background,unknown
background,unknown
background,unknown
background,unknown
background,unknown
method,unknown
method,unknown
method,unknown
background,unknown
method,unknown
method,unknown
method,unknown
result,unknown
method,unknown
method,unknown
background,unknown
method,unknown
background,unknown
background,unknown
method,unknown
background,unknown
background,unknown
background,unknown
background,unknown
method,unknown
background,unknown
method,unknown
method,unknown
background,unknown
background,unknown
background,unknown
background,unknown
background,unknown
background,unknown
background,unknown
background,unknown
method,unknown
method,unknown
background,unknown
background,unknown
background,unknown
method,unknown
result,unknown
background,unknown
background,unknown
method,unknown
method,unknown
background,unknown
background,unknown
method,unknown
background,unknown
background,unknown
method,unknown
result,unknown
result,unknown
background,unknown
result,unknown
result,unknown
result,unknown
result,unknown
method,unknown
result,unknown
method,unknown
background,unknown
method,unknown
background,unknown
result,unknown
background,unknown
background,unknown
result,unknown
method,unknown
background,unknown
result,unknown
result,unknown
result,unknown
method,unknown
method,unknown
background,unknown
background,unknown
background,unknown
method,unknown
background,unknown
background,unknown
method,unknown
result,unknown
background,unknown
method,unknown
background,unknown
background,unknown
background,unknown
background,unknown
method,unknown
background,unknown
background,unknown
background,unknown
background,unknown
background,unknown
background,unknown
method,unknown
background,unknown
background,unknown
result,unknown
background,unknown
background,unknown
background,unknown
background,unknown
background,unknown
method,unknown
background,unknown
background,unknown
background,unknown
method,unknown
background,unknown
method,unknown
method,unknown
method,unknown
method,unknown
method,unknown
method,unknown
method,unknown
background,unknown
background,unknown
background,unknown
method,unknown
result,unknown
background,unknown
result,unknown
background,unknown
background,unknown
result,unknown
method,unknown
background,unknown
background,unknown
result,unknown
method,unknown
background,unknown
method,unknown
background,unknown
result,unknown
result,unknown
background,unknown
background,unknown
background,unknown
background,unknown
method,unknown
background,unknown
background,unknown
background,unknown
background,unknown
method,unknown
method,unknown
background,unknown
method,unknown
method,unknown
method,unknown
background,unknown
background,unknown
background,unknown
method,unknown
method,unknown
background,unknown
background,unknown
background,unknown
method,unknown
background,unknown
background,unknown
method,unknown
method,unknown
result,unknown
background,unknown
background,unknown
background,unknown
background,unknown
method,unknown
background,unknown
background,unknown
background,unknown
background,unknown
result,unknown
background,unknown
result,unknown
method,unknown
method,unknown
method,unknown
method,unknown
background,unknown
background,unknown
background,unknown
method,unknown
background,unknown
background,unknown
background,unknown
method,unknown
method,unknown
result,unknown
method,unknown
background,unknown
background,unknown
result,unknown
background,unknown
method,unknown
method,unknown
background,unknown
method,unknown
background,unknown
result,unknown
method,unknown
background,unknown
background,unknown
background,unknown
background,unknown
method,unknown
background,unknown
background,unknown
method,unknown
method,unknown
method,unknown
background,unknown
background,unknown
background,unknown
background,unknown
background,unknown
background,unknown
method,unknown
background,unknown
background,unknown
background,unknown
background,unknown
background,unknown
background,unknown
background,unknown
background,unknown
background,unknown
background,unknown
background,unknown
method,unknown
background,unknown
background,unknown
method,unknown
method,unknown
method,unknown
background,unknown
background,unknown
result,unknown
background,unknown
background,unknown
background,unknown
background,unknown
background,unknown
background,unknown
result,unknown
background,unknown
background,unknown
method,unknown
method,unknown
background,unknown
background,unknown
method,unknown
background,unknown
background,unknown
result,unknown
method,unknown
background,unknown
background,unknown
background,unknown
background,unknown
method,unknown
method,unknown
background,unknown
background,unknown
method,unknown
method,unknown
method,unknown
background,unknown
background,unknown
background,unknown
method,unknown
background,unknown
background,unknown
background,unknown
background,unknown
background,unknown
background,unknown
background,unknown
method,unknown
background,unknown
background,unknown
background,unknown
background,unknown
background,unknown
result,unknown
background,unknown
method,unknown
background,unknown
background,unknown
background,unknown
background,unknown
background,unknown
background,unknown
result,unknown
method,unknown
background,unknown
method,unknown
method,unknown
background,unknown
background,unknown
background,unknown
background,unknown
background,unknown
method,unknown
background,unknown
background,unknown
background,unknown
background,unknown
background,unknown
background,unknown
method,unknown
method,unknown
method,unknown
background,unknown
method,unknown
result,unknown
background,unknown
result,unknown
background,unknown
method,unknown
result,unknown
result,unknown
method,unknown
method,unknown
method,unknown
background,unknown
method,unknown
result,unknown
result,unknown
result,unknown
method,unknown
method,unknown
method,unknown
background,unknown
result,unknown
method,unknown
background,unknown
background,unknown
background,unknown
method,unknown
method,unknown
background,unknown
method,unknown
background,unknown
background,unknown
result,unknown
method,unknown
method,unknown
background,unknown
result,unknown
result,unknown
result,unknown
background,unknown
method,unknown
result,unknown
background,unknown
background,unknown
result,unknown
result,unknown
background,unknown
method,unknown
background,unknown
background,unknown
background,unknown
method,unknown
method,unknown
background,unknown
method,unknown
background,unknown
method,unknown
method,unknown
result,unknown
result,unknown
method,unknown
background,unknown
background,unknown
method,unknown
background,unknown
result,unknown
method,unknown
background,unknown
background,unknown
method,unknown
method,unknown
background,unknown
method,unknown
background,unknown
background,unknown
method,unknown
method,unknown
result,unknown
result,unknown
background,unknown
background,unknown
background,unknown
background,unknown
background,unknown
background,unknown
method,unknown
result,unknown
background,unknown
background,unknown
background,unknown
background,unknown
method,unknown
result,unknown
method,unknown
result,unknown
result,unknown
method,unknown
method,unknown
method,unknown
background,unknown
method,unknown
method,unknown
background,unknown
method,unknown
result,unknown
method,unknown
method,unknown
background,unknown
method,unknown
background,unknown
background,unknown
background,unknown
background,unknown
method,unknown
background,unknown
background,unknown
method,unknown
background,unknown
background,unknown
background,unknown
background,unknown
method,unknown
background,unknown
background,unknown
background,unknown
background,unknown
method,unknown
result,unknown
method,unknown
result,unknown
background,unknown
method,unknown
background,unknown
background,unknown
method,unknown
background,unknown
method,unknown
background,unknown
background,unknown
result,unknown
method,unknown
background,unknown
method,unknown
method,unknown
method,unknown
result,unknown
background,unknown
result,unknown
background,unknown
method,unknown
background,unknown
method,unknown
background,unknown
method,unknown
method,unknown
result,unknown
method,unknown
background,unknown
result,unknown
background,unknown
method,unknown
method,unknown
method,unknown
background,unknown
method,unknown
background,unknown
background,unknown
background,unknown
background,unknown
method,unknown
method,unknown
background,unknown
result,unknown
background,unknown
method,unknown
background,unknown
background,unknown
background,unknown
method,unknown
background,unknown
result,unknown
background,unknown
method,unknown
method,unknown
background,unknown
method,unknown
result,unknown
method,unknown
background,unknown
method,unknown
result,unknown
background,unknown
background,unknown
background,unknown
method,unknown
method,unknown
background,unknown
background,unknown
result,unknown
method,unknown
background,unknown
method,unknown
method,unknown
result,unknown
background,unknown
background,unknown
background,unknown
result,unknown
method,unknown
method,unknown
background,unknown
background,unknown
method,unknown
method,unknown
method,unknown
background,unknown
method,unknown
background,unknown
result,unknown
result,unknown
background,unknown
result,unknown
method,unknown
method,unknown
background,unknown
background,unknown
background,unknown
method,unknown
background,unknown
method,unknown
background,unknown
background,unknown
background,unknown
result,unknown
result,unknown
background,unknown
background,unknown
method,unknown
result,unknown
background,unknown
background,unknown
method,unknown
background,unknown
method,unknown
background,unknown
method,unknown
background,unknown
method,unknown
result,unknown
result,unknown
background,unknown
background,unknown
result,unknown
background,unknown
background,unknown
method,unknown
background,unknown
background,unknown
result,unknown
result,unknown
method,unknown
background,unknown
method,unknown
background,unknown
background,unknown
background,unknown
method,unknown
method,unknown
result,unknown
result,unknown
result,unknown
background,unknown
method,unknown
background,unknown
method,unknown
background,unknown
method,unknown
result,unknown
background,unknown
background,unknown
result,unknown
background,unknown
method,unknown
result,unknown
method,unknown
method,unknown
background,unknown
background,unknown
background,unknown
method,unknown
result,unknown
background,unknown
background,unknown
method,unknown
method,unknown
method,unknown
method,unknown
method,unknown
method,unknown
background,unknown
background,unknown
method,unknown
method,unknown
background,unknown
background,unknown
background,unknown
background,unknown
method,unknown
method,unknown
method,unknown
method,unknown
result,unknown
background,unknown
method,unknown
method,unknown
background,unknown
background,unknown
background,unknown
result,unknown
background,unknown
background,unknown
background,unknown
method,unknown
background,unknown
method,unknown
background,unknown
background,unknown
result,unknown
background,unknown
result,unknown
method,unknown
method,unknown
method,unknown
background,unknown
method,unknown
background,unknown
method,unknown
background,unknown
method,unknown
method,unknown
background,unknown
background,unknown
method,unknown
background,unknown
background,unknown
method,unknown
background,unknown
background,unknown
result,unknown
background,unknown
method,unknown
background,unknown
background,unknown
background,unknown
method,unknown
method,unknown
result,unknown
method,unknown
background,unknown
background,unknown
result,unknown
background,unknown
background,unknown
method,unknown
method,unknown
result,unknown
result,unknown
background,unknown
method,unknown
result,unknown
background,unknown
background,unknown
background,unknown
background,unknown
method,unknown
background,unknown
method,unknown
background,unknown
background,unknown
background,unknown
background,unknown
background,unknown
background,unknown
background,unknown
background,unknown
background,unknown
result,unknown
background,unknown
result,unknown
result,unknown
result,unknown
method,unknown
method,unknown
background,unknown
method,unknown
background,unknown
result,unknown
background,unknown
method,unknown
background,unknown
method,unknown
method,unknown
method,unknown
background,unknown
background,unknown
method,unknown
result,unknown
background,unknown
background,unknown
method,unknown
result,unknown
result,unknown
background,unknown
result,unknown
background,unknown
background,unknown
method,unknown
background,unknown
background,unknown
background,unknown
method,unknown
background,unknown
method,unknown
method,unknown
result,unknown
method,unknown
method,unknown
result,unknown
background,unknown
background,unknown
result,unknown
result,unknown
method,unknown
background,unknown
result,unknown
method,unknown
background,unknown
background,unknown
background,unknown
method,unknown
background,unknown
background,unknown
background,unknown
result,unknown
method,unknown
method,unknown
method,unknown
background,unknown
background,unknown
background,unknown
method,unknown
result,unknown
background,unknown
method,unknown
method,unknown
result,unknown
background,unknown
background,unknown
background,unknown
background,unknown
method,unknown
method,unknown
result,unknown
method,unknown
method,unknown
background,unknown
background,unknown
background,unknown
method,unknown
result,unknown
method,unknown
result,unknown
method,unknown
method,unknown
result,unknown
background,unknown
method,unknown
background,unknown
background,unknown
method,unknown
background,unknown
result,unknown
result,unknown
method,unknown
method,unknown
method,unknown
background,unknown
background,unknown
background,unknown
background,unknown
background,unknown
method,unknown
background,unknown
method,unknown
result,unknown
background,unknown
background,unknown
method,unknown
background,unknown
result,unknown
method,unknown
result,unknown
method,unknown
background,unknown
background,unknown
background,unknown
background,unknown
background,unknown
method,unknown
background,unknown
result,unknown
background,unknown
result,unknown
method,unknown
method,unknown
background,unknown
background,unknown
background,unknown
result,unknown
background,unknown
method,unknown
background,unknown
background,unknown
method,unknown
background,unknown
background,unknown
background,unknown
method,unknown
method,unknown
method,unknown
background,unknown
background,unknown
method,unknown
result,unknown
method,unknown
method,unknown
background,unknown
method,unknown
background,unknown
background,unknown
background,unknown
background,unknown
result,unknown
background,unknown
background,unknown
result,unknown
background,unknown
background,unknown
background,unknown
method,unknown
background,unknown
background,unknown
method,unknown
background,unknown
method,unknown
result,unknown
method,unknown
background,unknown
result,unknown
result,unknown
method,unknown
method,unknown
background,unknown
background,unknown
method,unknown
result,unknown
background,unknown
method,unknown
background,unknown
background,unknown
background,unknown
background,unknown
background,unknown
method,unknown
background,unknown
background,unknown
background,unknown
method,unknown
background,unknown
background,unknown
background,unknown
method,unknown
background,unknown
method,unknown
background,unknown
background,unknown
result,unknown
background,unknown
background,unknown
background,unknown
method,unknown
result,unknown
method,unknown
result,unknown
background,unknown
method,unknown
method,unknown
result,unknown
background,unknown
background,unknown
method,unknown
result,unknown
method,unknown
method,unknown
method,unknown
method,unknown
method,unknown
background,unknown
method,unknown
method,unknown
background,unknown
method,unknown
result,unknown
background,unknown
result,unknown
method,unknown
result,unknown
background,unknown
result,unknown
result,unknown
background,unknown
method,unknown
result,unknown
background,unknown
result,unknown
background,unknown
background,unknown
method,unknown
method,unknown
background,unknown
method,unknown
background,unknown
result,unknown
background,unknown
background,unknown
result,unknown
method,unknown
background,unknown
method,unknown
result,unknown
background,unknown
method,unknown
method,unknown
background,unknown
background,unknown
background,unknown
method,unknown
background,unknown
background,unknown
background,unknown
background,unknown
background,unknown
method,unknown
method,unknown
method,unknown
result,unknown
background,unknown
method,unknown
background,unknown
background,unknown
background,unknown
method,unknown
method,unknown
method,unknown
background,unknown
background,unknown
background,unknown
background,unknown
background,unknown
method,unknown
method,unknown
background,unknown
background,unknown
background,unknown
background,unknown
background,unknown
background,unknown
method,unknown
background,unknown
method,unknown
background,unknown
background,unknown
background,unknown
background,unknown
background,unknown
method,unknown
background,unknown
method,unknown
background,unknown
result,unknown
method,unknown
background,unknown
background,unknown
background,unknown
result,unknown
method,unknown
background,unknown
method,unknown
background,unknown
background,unknown
result,unknown
background,unknown
background,unknown
background,unknown
background,unknown
background,unknown
method,unknown
method,unknown
background,unknown
background,unknown
method,unknown
background,unknown
method,unknown
background,unknown
background,unknown
background,unknown
result,unknown
background,unknown
result,unknown
method,unknown
result,unknown
method,unknown
background,unknown
background,unknown
background,unknown
method,unknown
method,unknown
method,unknown
method,unknown
method,unknown
method,unknown
method,unknown
result,unknown
background,unknown
background,unknown
method,unknown
background,unknown
result,unknown
background,unknown
background,unknown
result,unknown
background,unknown
result,unknown
method,unknown
background,unknown
method,unknown
background,unknown
method,unknown
result,unknown
method,unknown
background,unknown
background,unknown
background,unknown
method,unknown
method,unknown
background,unknown
method,unknown
method,unknown
method,unknown
method,unknown
result,unknown
background,unknown
result,unknown
background,unknown
background,unknown
background,unknown
method,unknown
background,unknown
background,unknown
background,unknown
background,unknown
background,unknown
background,unknown
background,unknown
background,unknown
method,unknown
background,unknown
background,unknown
background,unknown
method,unknown
method,unknown
method,unknown
background,unknown
background,unknown
background,unknown
method,unknown
background,unknown
background,unknown
result,unknown
background,unknown
result,unknown
background,unknown
background,unknown
result,unknown
method,unknown
method,unknown
method,unknown
background,unknown
method,unknown
result,unknown
method,unknown
background,unknown
background,unknown
method,unknown
background,unknown
result,unknown
background,unknown
method,unknown
method,unknown
method,unknown
background,unknown
method,unknown
result,unknown
method,unknown
method,unknown
background,unknown
result,unknown
background,unknown
method,unknown
result,unknown
result,unknown
background,unknown
background,unknown
method,unknown
background,unknown
background,unknown
background,unknown
background,unknown
background,unknown
background,unknown
method,unknown
background,unknown
background,unknown
background,unknown
method,unknown
method,unknown
background,unknown
background,unknown
background,unknown
result,unknown
method,unknown
background,unknown
background,unknown
background,unknown
background,unknown
method,unknown
method,unknown
background,unknown
method,unknown
background,unknown
background,unknown
method,unknown
method,unknown
result,unknown
background,unknown
background,unknown
background,unknown
background,unknown
background,unknown
background,unknown
method,unknown
method,unknown
background,unknown
method,unknown
background,unknown
result,unknown
method,unknown
background,unknown
method,unknown
method,unknown
background,unknown
background,unknown
background,unknown
method,unknown
method,unknown
background,unknown
background,unknown
method,unknown
background,unknown
background,unknown
method,unknown
method,unknown
method,unknown
background,unknown
background,unknown
method,unknown
result,unknown
method,unknown
method,unknown
result,unknown
result,unknown
result,unknown
background,unknown
method,unknown
method,unknown
method,unknown
method,unknown
background,unknown
method,unknown
method,unknown
background,unknown
method,unknown
method,unknown
background,unknown
background,unknown
method,unknown
background,unknown
background,unknown
background,unknown
background,unknown
background,unknown
background,unknown
background,unknown
method,unknown
result,unknown
result,unknown
result,unknown
method,unknown
background,unknown
method,unknown
method,unknown
method,unknown
background,unknown
background,unknown
method,unknown
background,unknown
method,unknown
method,unknown
background,unknown
background,unknown
method,unknown
background,unknown
method,unknown
background,unknown
method,unknown
background,unknown
background,unknown
background,unknown
background,unknown
background,unknown
background,unknown
method,unknown
background,unknown
method,unknown
method,unknown
result,unknown
background,unknown
method,unknown
result,unknown
method,unknown
result,unknown
background,unknown
background,unknown
method,unknown
method,unknown
background,unknown
background,unknown
background,unknown
method,unknown
method,unknown
method,unknown
background,unknown
method,unknown
method,unknown
background,unknown
background,unknown
background,unknown
method,unknown
method,unknown
background,unknown
background,unknown
method,unknown
background,unknown
result,unknown
background,unknown
background,unknown
result,unknown
background,unknown
background,unknown
method,unknown
method,unknown
background,unknown
background,unknown
background,unknown
background,unknown
background,unknown
result,unknown
background,unknown
background,unknown
background,unknown
result,unknown
background,unknown
method,unknown
background,unknown
result,unknown
method,unknown
background,unknown
background,unknown
background,unknown
background,unknown
method,unknown
background,unknown
background,unknown
method,unknown
background,unknown
method,unknown
background,unknown
background,unknown
background,unknown
background,unknown
result,unknown
background,unknown
result,unknown
background,unknown
background,unknown
method,unknown
method,unknown
method,unknown
method,unknown
method,unknown
background,unknown
background,unknown
method,unknown
background,unknown
result,unknown
method,unknown
result,unknown
background,unknown
method,unknown
background,unknown
method,unknown
background,unknown
background,unknown
method,unknown
background,unknown
background,unknown
method,unknown
background,unknown
result,unknown
background,unknown
background,unknown
method,unknown
method,unknown
method,unknown
method,unknown
method,unknown
background,unknown
background,unknown
result,unknown
method,unknown
method,unknown
background,unknown
background,unknown
method,unknown
background,unknown
method,unknown
background,unknown
result,unknown
background,unknown
background,unknown
method,unknown
background,unknown
background,unknown
background,unknown
background,unknown
background,unknown
background,unknown
background,unknown
method,unknown
method,unknown
background,unknown
background,unknown
result,unknown
method,unknown
method,unknown
background,unknown
method,unknown
background,unknown
method,unknown
background,unknown
method,unknown
background,unknown
background,unknown
background,unknown
result,unknown
method,unknown
background,unknown
background,unknown
method,unknown
background,unknown
background,unknown
result,unknown
background,unknown
background,unknown
background,unknown
method,unknown
background,unknown
background,unknown
background,unknown
background,unknown
background,unknown
background,unknown
result,unknown
method,unknown
background,unknown
background,unknown
background,unknown
background,unknown
method,unknown
method,unknown
method,unknown
method,unknown
background,unknown
method,unknown
method,unknown
background,unknown
background,unknown
background,unknown
background,unknown
background,unknown
background,unknown
method,unknown
background,unknown
background,unknown
background,unknown
background,unknown
background,unknown
result,unknown
background,unknown
background,unknown
method,unknown
result,unknown
method,unknown
method,unknown
background,unknown
background,unknown
background,unknown
background,unknown
background,unknown
background,unknown
method,unknown
background,unknown
method,unknown
result,unknown
background,unknown
background,unknown
background,unknown
background,unknown
method,unknown
background,unknown
background,unknown
background,unknown
background,unknown
method,unknown
result,unknown
background,unknown
method,unknown
background,unknown
method,unknown
background,unknown
background,unknown
background,unknown
background,unknown
background,unknown
background,unknown
method,unknown
background,unknown
method,unknown
method,unknown
background,unknown
background,unknown
background,unknown
background,unknown
background,unknown
background,unknown
background,unknown
background,unknown
result,unknown
background,unknown
result,unknown
background,unknown
result,unknown
method,unknown
background,unknown
result,unknown
background,unknown
method,unknown
background,unknown
result,unknown
method,unknown
background,unknown
method,unknown
background,unknown
background,unknown
background,unknown
method,unknown
background,unknown
background,unknown
background,unknown
background,unknown
background,unknown
background,unknown
background,unknown
background,unknown
background,unknown
background,unknown
background,unknown
method,unknown
background,unknown
background,unknown
background,unknown
background,unknown
background,unknown
background,unknown
background,unknown
method,unknown
method,unknown
background,unknown
method,unknown
background,unknown
background,unknown
method,unknown
background,unknown
result,unknown
background,unknown
background,unknown
method,unknown
method,unknown
method,unknown
background,unknown
result,unknown
method,unknown
background,unknown
background,unknown
background,unknown
background,unknown
background,unknown
result,unknown
background,unknown
background,unknown
method,unknown
background,unknown
result,unknown
background,unknown
background,unknown
background,unknown
result,unknown
background,unknown
background,unknown
background,unknown
background,unknown
background,unknown
background,unknown
background,unknown
background,unknown
method,unknown
background,unknown
background,unknown
method,unknown
background,unknown
method,unknown
method,unknown
method,unknown
method,unknown
background,unknown
method,unknown
method,unknown
background,unknown
method,unknown
method,unknown
method,unknown
background,unknown
method,unknown
result,unknown
background,unknown
method,unknown
method,unknown
background,unknown
background,unknown
background,unknown
background,unknown
method,unknown
background,unknown
background,unknown
method,unknown
method,unknown
background,unknown
background,unknown
background,unknown
background,unknown
background,unknown
background,unknown
method,unknown
result,unknown
result,unknown
background,unknown
method,unknown
background,unknown
background,unknown
background,unknown
result,unknown
background,unknown
method,unknown
background,unknown
background,unknown
result,unknown
background,unknown
background,unknown
background,unknown
background,unknown
background,unknown
background,unknown
result,unknown
method,unknown
background,unknown
background,unknown
method,unknown
method,unknown
background,unknown
method,unknown
method,unknown
result,unknown
background,unknown
method,unknown
background,unknown
method,unknown
result,unknown
background,unknown
method,unknown
background,unknown
result,unknown
result,unknown
background,unknown
background,unknown
method,unknown
method,unknown
method,unknown
background,unknown
background,unknown
result,unknown
method,unknown
method,unknown
background,unknown
background,unknown
method,unknown
background,unknown
method,unknown
result,unknown
result,unknown
result,unknown
background,unknown
background,unknown
result,unknown
background,unknown
method,unknown
background,unknown
background,unknown
background,unknown
background,unknown
background,unknown
background,unknown
method,unknown
background,unknown
background,unknown
background,unknown
method,unknown
result,unknown
method,unknown
background,unknown
result,unknown
method,unknown
background,unknown
method,unknown
background,unknown
background,unknown
method,unknown
background,unknown
background,unknown
background,unknown
background,unknown
background,unknown
method,unknown
background,unknown
background,unknown
background,unknown
result,unknown
method,unknown
background,unknown
background,unknown
background,unknown
background,unknown
background,unknown
background,unknown
method,unknown
background,unknown
result,unknown
background,unknown
background,unknown
method,unknown
background,unknown
background,unknown
method,unknown
background,unknown
method,unknown
background,unknown
background,unknown
method,unknown
method,unknown
background,unknown
background,unknown
method,unknown
method,unknown
method,unknown
method,unknown
method,unknown
result,unknown
background,unknown
background,unknown
background,unknown
background,unknown
method,unknown
method,unknown
background,unknown
background,unknown
result,unknown
method,unknown
method,unknown
background,unknown
result,unknown
background,unknown
method,unknown
background,unknown
result,unknown
result,unknown
background,unknown
background,unknown
method,unknown
background,unknown
method,unknown
background,unknown
method,unknown
result,unknown
background,unknown
result,unknown
method,unknown
method,unknown
result,unknown
method,unknown
background,unknown
background,unknown
background,unknown
background,unknown
background,unknown
background,unknown
result,unknown
background,unknown
method,unknown
background,unknown
background,unknown
background,unknown
result,unknown
background,unknown
method,unknown
result,unknown
background,unknown
method,unknown
result,unknown
background,unknown
background,unknown
background,unknown
background,unknown
background,unknown
background,unknown
method,unknown
background,unknown
background,unknown
background,unknown
background,unknown
background,unknown
method,unknown
background,unknown
background,unknown
background,unknown
result,unknown
background,unknown
method,unknown
background,unknown
method,unknown
