classification,reasoning
Background,"[' The text discusses the current state of knowledge and points out unclear aspects regarding frataxin interactions, citing previous reports. This establishes the context for the study.']"
Method,"[' The text details the specific experimental procedures (sampling, drying, storage, testing) used in a cited study.']"
Background,"[' The text describes established knowledge about the effects and properties of dexmedetomidine, citing a reference, providing context for the current research.']"
Background,"["" The text discusses established hypotheses and findings from previous studies regarding the benefits of clustering behavior in animals, providing context for interpreting the current study's results.""]"
Background,"[' The text presents established knowledge about the symptoms associated with intracranial arachnoid cysts, citing previous literature, providing background for the discussion.']"
Background,"[' The text refers to recent findings from cited studies about Wee1 as a target and the results of an inhibitor, providing background information for the discussion.']"
Background,"[' The text states a generally accepted point regarding the importance of early diagnosis and treatment, supported by citations, providing background context.']"
Result,[' The text explicitly states the results demonstrated in a cited previous study regarding factors controlling antioxidant properties.']
Background,"[' The text introduces a relevant method developed previously, citing the source and describing its basis and advantages, setting the background for the current study.']"
Background,"[' The text describes the current accepted practices and advancements in treatment, supported by multiple citations, providing background context.']"
Background,"[' The text defines key theoretical concepts (indirect benefits, inclusive fitness) and cites foundational and subsequent relevant literature, providing theoretical background.']"
Background,"[' The text simply lists citations referring to previous work on mitochondrial division, indicating background literature.']"
Method,"[' The text defines a specific component (""bulk plasma membranes"") resulting from an experimental procedure, citing the source, likely referring to the method or definition used.']"
Method,"[' The text explicitly states the algorithm used (""active contour algorithm [10]"") and its application within the current study\'s methodology.']"
Background,"[' The text describes examples of methods or strategies used elsewhere (supported by citations) relevant to providing self-determination opportunities, serving as background information.']"
Background,"[' The text describes a known biological mechanism regarding electron transport and ROS/RNS production, supported by multiple citations, providing background information.']"
Background,"[' The text discusses the current state of evidence (or lack thereof) and common practices related to the treatment of CR, citing relevant literature, thus setting the background.']"
Result,"[' The text explicitly compares the current study\'s findings (""our data showed"") with previous reports, indicating a result of the present research.']"
Background,"[' The text describes a previously established role and implication of Scp160p based on cited literature, providing background context for the discussion.']"
Background,"["" The text explains the rationale for the current study's measurements, linking it directly to previous clinical reports (citations), thus providing background motivation.""]"
Background,"[' The text summarizes findings from previous cited empirical studies regarding the impact of subsidies on solar adoption, providing background information.']"
Background,"["" The text discusses the potential roles of specific proteins based on cited previous work, providing background context likely used to interpret the current study's results.""]"
Result,"[' The text explicitly compares the current study\'s results (""These results"") with previous field and laboratory observations (citations), indicating a discussion of the present research findings.']"
Background,"[' The text states a finding from previous cited studies regarding SC absorption in mice, providing background information.']"
Background,"[' The text reports a finding from cited previous studies linking MMP-1 SNPs to colorectal cancer risk, establishing background context.']"
Background,"[' The text describes the generally accepted function of matricellular proteins based on cited literature, providing background for the discussion.']"
Background,"[' The text summarizes established knowledge and recent findings from cited literature regarding the beneficial roles of PBM, providing background context.']"
Method,"[' The text details the specific procedure used for measuring mitochondrial transmembrane potential in the current study, including the reagent and references to previous descriptions of the method.']"
Method,"[' The text describes the training procedure for the language models used in the study, specifying the model type and the dataset used (CSJ [23]).']"
Background,"[' The text describes the established use of Cisplatin as a first-line treatment for various cancers, citing a reference, providing background context.']"
Background,"[' The text reports observations of a genotype shift from multiple previous studies in different geographical locations, providing background information.']"
Background,"[' The text states an established finding from cited literature regarding the microtubule requirement for γ-tubulin localization during mitosis, providing background knowledge.']"
Background,"[' The text refers to a ""currently-held notion"" about dsRNA function supported by numerous citations, placing the current study\'s findings within existing knowledge.']"
Method,"[' The text states that a specific experimental procedure (Spermatogonial transplantation) was performed following a previously described method, citing the source.']"
Background,"[' The text highlights contradictory results found in previous cited studies concerning bovine blastocysts, providing background context for the discussion.']"
Background,"[' The text describes an established relationship between EPIYA motifs and CagA phosphorylation based on multiple cited studies, providing background information.']"
Background,"[' The text describes known interactions and reported effects involving Srebp1/2 and Hmgb1 based on cited previous studies, providing background context.']"
Result,"[' The text compares a finding from the current study (""This is in keeping with"") to the results reported in previous cited studies.']"
Result,"[' The text explicitly states that previous reports coincide with the current study\'s results (""Coinciding with our results""), indicating a discussion of the present research findings in light of prior work.']"
Background,"[' The text refers to findings and reports from previous authors concerning tumor development after low-dose irradiation, citing multiple sources, thus providing background information.']"
Background,"["" The text outlines the chapter's content, referencing foundational work on beamformers that will be presented and developed, thus setting the context based on prior research.""]"
Background,"[' The text states a finding reported in previous cited studies regarding the timing of retromer tubule formation, providing background information.']"
Background,"[' The text describes a specific observation (serotype-shift) reported in a previous study [25], serving as background information.']"
Background,"[' The text describes the focus and scope of previous applications and models in the field, citing relevant studies, providing background context.']"
Background,"[' The text summarizes findings from multiple cited studies regarding the effects of atranorin on different organisms, providing background information.']"
Background,"[' The text lists locations where similar studies have been conducted previously, citing the relevant literature, providing background context.']"
Result,"[' The text explicitly states a finding (""show the bandwidth..."") reported in a specific cited study ([3]).']"
Background,"[' The text summarizes findings from multiple cited studies regarding the location, function, and viability related to VGluT3, presenting background knowledge.']"
Method,"[' The text describes a specific transformation step applied to the training data in the current study, explicitly referencing the previous work it follows.']"
Background,"["" The text states that a series of relevant genes ('exo') have been previously cloned and sequenced, citing multiple sources, providing background information.""]"
Result,[' The text describes how results/data (distribution of cells) are presented within the current paper (summarized in Table I) and relates it to a previous evaluation for context.']
Result,"["" The text describes an observation confirming the location of PLCb1, contrasting the method/evidence with previous studies, suggesting it's discussing a finding.""]"
Method,"[' The text explicitly states the method used (""Revised Griffith’s scales of Mental Development [24]"") to assess neurodevelopmental outcome in the current study.']"
Background,"[' The text describes the known effects and mechanisms of action of BHT based on cited literature, providing background context for the discussion.']"
Method,"[' The text compares the methodology used in different cited studies (Cochrane and Saa-Requejo (2000), Carr et al. (2001)) regarding risk measures and investment criteria.']"
Background,"[' The text describes established findings from cited studies regarding the role of stress and the HPA axis in cocaine self-administration, providing background information.']"
Background,"[' The text provides examples of previously observed elk grouping behavior in different habitats under predation risk, citing the relevant studies, serving as background illustration.']"
Background,"[' The text lists previously described mechanisms of resistance to CDDP, citing sources that summarize this knowledge, providing background context.']"
Background,"[' The text fragment lists citations referring to previous work on skeletal muscle denervation, indicating background literature.']"
Background,"[' The text describes potential effects and mechanisms associated with insulin resistance based on cited literature, providing background information.']"
Background,"[' The text summarizes findings shown in recent cited studies regarding flux distribution in specific algae under nitrogen limiting conditions, providing background information.']"
Background,"["" The text describes how previous work allowed for a specific patient grouping and cites studies showing this grouping's association with disease conversion risk, summarizing relevant prior research.""]"
Background,"[' The text acknowledges past developments in the field, citing relevant work, while stating that the area remains active, thereby setting the context and motivation for the current research.']"
Background,"[' The text lists various substances identified in previous cited studies, providing examples relevant to the discussion context.']"
Method,"[' The text describes a specific calculation performed in the current study (""we calculated... using logistic regression"") and cites the method reference.']"
Result,"[' The text discusses the implications of the current study\'s findings (""findings of our study suggest"") by relating them to previously noted phenomena described in cited literature.']"
Background,"[' The text discusses a potential methodological limitation (bias in PAF estimates) and cites a source regarding this issue, providing background context on methodological considerations.']"
Background,"[' The text describes findings from previous cited studies regarding mutations in the sgl locus and their associated phenotypes, providing background information.']"
Result,[' The text explicitly describes the findings of a specific cited follow-up study (Amir et al. 2012) regarding reaction time bias in individuals with SAD.']
Method,"["" The text describes the source of the data used in the current study and references another publication for details on the dataset's characteristics.""]"
Background,"[' The text presents evidence from a cited study regarding the preferences of deaf couples concerning prenatal diagnosis, providing background context for the discussion.']"
Background,"[' The text reports findings observed in a previous cited study regarding temporary and permanent bite changes after appliance treatment, providing background context.']"
Method,"[' The text explicitly compares the methodology used in the current study to the methods used in previously cited studies, focusing on the inoculation technique.']"
Background,"[' The text discusses potential causes of PPH based on factors identified in cited previous studies, providing background context or hypotheses.']"
Background,"[' The text describes the established interpretation and characteristics (e.g., sensitivity) of a face processing mechanism, based on findings from multiple cited studies, providing background information.']"
Result,"[' The text explicitly states that the current study\'s findings (""Our results"") are consistent with previously reported findings from multiple cited sources.']"
Method,"[' The text describes the specific procedure used to fracture femurs in the study, referencing the configuration and its source.']"
Background,"[' The text discusses a potential role for BCL-xL based on findings from previous cited studies regarding its regulation of VDAC, providing background context.']"
Result,"[' The text states agreement between the current study\'s point (""This"") and results reported in previous cited studies concerning antibiotic effects on bacteria.']"
Background,[' The text introduces the assessment tool (MADRS) used and provides background information from cited studies justifying its selection based on its psychometric properties and comparison to other scales.']
Result,"[' The text explicitly compares the current study\'s results (""These results"") with findings reported in a previous cited study regarding lymphocyte migration.']"
Method,"[' The text describes a specific technique (double nicking) proposed in previous cited studies for reducing off-target indels, likely providing context for the current methodology.']"
Background,"[' The text provides an example of a specific sensor (Kinect V2) and its characteristics, citing a source, serving as background information.']"
Result,"[' The text reports the observed localization of GFP-Pex34p in the current study (""localized preferentially""), referencing previous studies for context regarding the cellular fraction.']"
Result,"[' The text reports a finding from the current study regarding wire deflection (""In this study... showed"") and explicitly notes its consistency with multiple previously cited results.']"
Background,[' The text describes the investigation conducted in a specific cited previous study ([8]) related to thermal decomposition of fibres.']
Method,"[' The text describes the methodology used for evaluating accuracy in the current study, involving comparison with a reference model used in previous cited works.']"
Method,[' The text details the exclusion criteria applied to the study sample and provides the justification based on a cited report about labor influencing lymphocyte distribution.']
Result,"[' The text explicitly compares the conclusion of the current study (""This conclusion"") with the results and conclusions of a previous cited study (Fu et al. 2002).']"
Background,"[' The text discusses potential factors contributing to drought intensification during the Dust Bowl era, noting ongoing debate and citing relevant literature, providing background context.']"
Background,"[' The text identifies a clinically important feature (length of MBs) and its alternative terminology, citing relevant literature, providing background context.']"
Method,"[' The text describes the specifications and coverage of the experimental design used in the current study, noting its consistency with previous studies and resources.']"
Method,"[' The text explains the standard interpretation of a specific data pattern (straight lines on semi-log plots) as indicating exponential distributions, citing supporting references.']"
Method,"[' The text describes the specific dataset (Extended Yale B [14]) used in the experiments, detailing its contents.']"
Background,"[' The text contrasts previously reported capabilities with the rarity of reports in specific isolates, citing relevant studies, providing background information.']"
Method,[' The text states that a specific equation (Lineweaver-Burke [27]) was used in the current study for calculations related to deformability.']
Method,[' The text describes a technique (early-fruit removal) and its application in a previous cited study to investigate specific plant traits.']
Method,"[' The text describes specific heuristics (LKH) and implementations relevant to the methods, citing the original sources and implementation details.']"
Background,"[' The text discusses the insufficiency of other methods of elevated CK signaling based on previous cited studies, providing background information and potential explanations.']"
Background,"[' The text presents findings from past cited studies regarding the effect of a specific Dscam transgene, providing background context relevant to the current results.']"
Result,[' The text explicitly contrasts the current finding with the result obtained in a previous analysis by the same authors (cited).']
Background,"[' The text draws an inference based on the established knowledge that BARE-2 is a chimera, citing the source for this premise.']"
Method,"[' The text describes the measurement scale (DES-II) used in the study, including what it measures and citations for its development.']"
Background,"[' The text provides definitional information about Rutin, including its chemical structure, synonyms, classification, and natural sources, citing relevant literature.']"
Method,"["" The text describes a software package and a specific algorithm it contains, likely used as part of the study's implementation or methodology.""]"
Background,"[' The text summarizes findings revealed in previous cited work regarding the phenotype of Dusp6 mutant mice, providing background information.']"
Background,"[' The text describes the established complexity of butanol tolerance based on cited studies, highlighting the challenges in the field and providing background context.']"
Background,"[' The text describes a known biological mechanism involving GATA4 and ANP, citing a source, and mentions its suppression by sorafenib, providing background information.']"
Result,"[' The text explicitly describes a finding of the current study (""second finding of our study"") concerning the association between specific T cells and VELIPI.']"
Background,"[' The text states the most common mechanisms reported in the literature ([3]) for a phenomenon, providing background information.']"
Method,"[' The text describes the survey methodology used in the study, including the specific questionnaires employed and citations for their development.']"
Background,"[' The text references observations made by previous cited authors regarding the influence of the minsupp threshold in association rule mining, providing background context on methodology.']"
Method,"["" The text details the specific psychometric tests and normative data sources used in the study's methodology, citing the references for these tools.""]"
Method,"[' The text describes the substance used and the procedure followed to create lesions, citing previous work for the methodology details.']"
Background,"[' The text describes established characteristics of the channel behavior in the massive MIMO regime, citing a relevant source, providing background information.']"
Background,"[' The text discusses potential consequences of changes in species richness on ecosystems and fisheries, citing relevant literature, providing background context.']"
Background,"[' The text describes known challenges and characteristics of a specific surgical procedure (supracondylar osteotomy), citing multiple sources, providing background information.']"
Result,[' The text explicitly reports a finding from a specific cited study ([46]) regarding improved model performance under certain conditions.']
Background,"[' The text defines insulin resistance and its main consequence, citing supporting literature, providing basic background information.']"
Background,"[' The text describes findings from previous cited studies regarding reduced brain engagement and associated characteristics in depressed patients, providing background context.']"
Background,"[' The text describes a known cellular signaling pathway involving PERK activation and its downstream effects, citing a relevant source, providing background biological context.']"
Method,"[' The text describes the flow cytometry procedure used in the study, including sample type, instrument, and reference to supplementary materials for details.']"
Method,"[' The text describes synchronization as a commonly used method for addressing atomicity violations, citing relevant literature, placing it within the context of related work.']"
Method,[' The text specifies the statistical method (Cohen’s kappa [27]) employed in the study to assess interobserver variability.']
Background,"[' The text introduces the topic of assigning economic values to environmental functions, noting the debate and variety of methodologies employed in previous research (citations), setting the background.']"
Background,"[' The text describes known advantages of ixazomib compared to bortezomib, citing sources, and explains how this has motivated further research, providing background context.']"
Result,"[' The text compares the rates of abscesses observed in different groups of the current study to those from a previous cited study, discussing potential reasons for differences based on other cited work.']"
Background,"[' The text summarizes established findings from multiple cited studies regarding the influence of host species and the necessity of T3SSs in Salmonella infection models, providing background context.']"
Method,"[' The text explicitly describes the action taken (""We reviewed"") and the data source (radiology reports from specific patient subsets) as part of the study\'s methodology.']"
Background,"[' The text describes established effects of herbivory on plant chemistry and species interactions, citing multiple relevant studies, providing background information.']"
Method,"["" The text specifies the datasets used for evaluating the study's method, citing the sources for existing datasets.""]"
Background,"[' The text describes known regulatory aspects and functional involvements of a biological entity based on cited literature, providing background information.']"
Background,[' The text reports conclusions drawn in previous cited studies regarding the effects of muscular activity and pre-loads on trunk stiffness and stability.']
Background,"[' The text describes the perceived effects and roles of a specific post-translational modification based on cited literature, providing background context.']"
Background,"[' The text describes known or potential roles and localization mechanisms of PP1c involving scaffold proteins and neurabins, based on cited literature, providing background information.']"
Result,"[' The text explicitly reports a statistically significant finding (""significantly higher"") from the current study (""In this study""), including specific values and the p-value.']"
Method,"[' The text describes materials used (plastic boards) and their purpose (GCPs) within the data collection methodology, citing a relevant source.']"
Background,[' The text provides support for an assumption by referencing findings from previous cited studies on the effects of flutamide exposure.']
Background,"[' The text describes a pattern of nutrient availability observed in previous cited studies on long-term gradients, providing background context.']"
Method,"["" The text specifies the different screening methods employed for different types of rules within the study's experimental methodology.""]"
Method,"[' The text introduces a specific analysis technique (MBIM) and its purpose, citing the study where it was originally introduced.']"
Background,"[' The text summarizes suggestions and findings from previous cited studies regarding the role of FcRn in mAb bioavailability, providing background context.']"
Method,"[' The text specifies the criteria used for diagnosing cirrhosis in the study subjects, citing a reference for these criteria.']"
Background,"[' The text describes the potential imaging manifestations of retroperitoneal air, citing sources that establish these diagnostic signs, providing background context.']"
Method,[' The text justifies the importance of a methodological element (time delay) by explaining its known effects based on findings from multiple cited previous studies.']
Method,[' The text describes the ESI scoring system levels (citing its source) and details the inclusion criteria used for patient selection in the current study.']
Result,"[' The text discusses the implications of the current study\'s findings (""high numbers... found"") for conservation, relating them to previous proposals and ongoing conservation efforts cited in the literature.']"
Background,"[' The text summarizes the current understanding of distinct signaling pathways activated by shear stress, detailing involved components based on multiple cited sources, providing background information.']"
Method,"[' The text details the phylogenetic analysis method used, including the software, type of constraints, and references for both the constraints and the software.']"
Method,"[' The text defines the ""Dense Trajectory features"" used in the methodology, explaining their composition and citing the sources for the underlying descriptors.']"
Background,"[' The text describes a known mechanism involving SPEs functioning as superantigens, supported by numerous citations, providing background information.']"
Result,[' The text describes a negative correlation observed in the study and explicitly states its agreement with findings from previous cited studies.']
Method,"[' The text specifies the use of Mouse IgG as a control in the experiments, including its concentration and citing relevant previous studies.']"
Method,"[' The text discusses the potential issues (inflated R2, overfitting) associated with using PCNM based on suggestions from a cited study, likely explaining a methodological choice or consideration.']"
Background,"[' The text describes the known functional implication and transcriptional regulation of c-IAP2 based on cited literature, providing background context.']"
Background,"[' The text contrasts the function of specific dehydrogenases in mitochondria versus bacteria, citing multiple sources for the bacterial mechanism, providing comparative background information.']"
Result,[' The text compares a proportion measured in the current study (after 28 weeks) to a proportion reported in a previous cited study (after 3 weeks).']
Background,"[' The text summarizes the results observed in one cited study and notes their consistency with the analyses of another cited study, presenting background information.']"
Background,"[' The text refers to the initial report and subsequent worldwide reports of the geographical dispersion of ON1, citing relevant studies, providing historical background.']"
Method,"[' The text states the focus of the current paper and explicitly mentions extending a previous model (SSSF [2]), describing the approach taken.']"
Method,"[' The text describes a strategy proposed in previous cited literature to address a specific problem, outlining a method developed elsewhere.']"
Result,"[' The text discusses the lack of a clear explanation for a finding, using established knowledge from a cited study to explain why the finding was unexpected.']"
Result,"["" The text states an implication drawn from the study's results regarding benefits of solar exposure, referencing previous related information [16].""]"
Background,"[' The text describes known effects and previously reported lack of effects of certain substances based on cited literature, providing background information.']"
Result,"[' The text proposes an attribution for the observed variation in heavy metals, referencing a previous study likely supporting this explanation or context.']"
Background,"[' The text describes a phenomenon (increase in specific phosphorylation) observed in previous cited studies during sperm capacitation, providing background information.']"
Background,"[' The text defines homeoproteins and the homeodomain, describing its conserved nature and function based on foundational cited literature, providing basic background information.']"
Method,"[' The text explains the rationale for the chosen methodology (combining techniques), citing inspiration from previous work [11] and preliminary informal experiments.']"
Background,"[' The text describes known characteristics of a specific translocation event based on cited previous studies, providing background information.']"
Background,"["" The text describes and defines a central event ('balls') within the HBC community, citing a relevant source, providing background context.""]"
Background,"[' The text lists examples of biological processes previously studied or relevant to the context, citing multiple sources for each example.']"
Background,"[' The text describes the potential effects and benefits of a particular approach (likely related to antigen delivery), citing a source, providing background information.']"
Method,"[' The text specifies the particular implementations of algorithms (group Lasso, GMKL) used in the study, citing the sources for these implementations.']"
Method,"[' The text describes a specific class of methods (appearance-based approaches) used in the field, explaining the basic principle and citing relevant literature.']"
Method,[' The text specifies a parameter value used in the experimental settings and justifies this choice based on findings from a previous cited study by the same authors.']
Result,"["" The text states a primary finding regarding the effect of the PKCη-C2 domain, while providing background context about the domain's known function based on a cited study.""]"
Method,"[' The text discusses the implementation possibilities and characteristics of different pivoting schemes, referencing previous work where these schemes are described or used.']"
Background,[' The text describes the historical development and improvement of a specific architecture by referencing the original proposal and subsequent modifications in cited works.']
Method,"[' The text defines the ""three-sigma signal"" criterion used in the methodology, citing a reference.']"
Background,"[' The text states that the analysis of neural networks with time delays is an active area of research, citing numerous relevant studies as evidence.']"
Method,"[' The text identifies specific systems (RiMOM [66], iliads [98]) as examples of approaches addressing a particular alignment problem, describing methods from prior work.']"
Result,"["" The text explicitly states that the current study's results are consistent with findings from a previously cited study on mitral-tufted cell responses.""]"
Method,"[' The text describes steps in the experimental procedure involving signal processing, mentioning specific equipment and citing a source for the circuit used.']"
Background,[' The text describes a proposed mechanism (antipausing) and cites evidence from a previous study supporting this mechanism under specific conditions.']
Background,[' The text describes an observation (synaptic depression) reported in previous cited studies concerning layer 5 pyramidal neurons.']
Result,"[' The text explicitly states a finding (""I find that..."") of the current study regarding the estimated economic response, referencing the methodology used.']"
Background,"[' The text states the known neural correlate (orbitofrontal cortex) required for the reversal component, based on multiple cited studies, providing background information.']"
Method,"[' The text describes methodological considerations regarding potential under/overestimation in exposure, outcome, and confounding assessment, citing relevant sources.']"
Method,"[' The text specifies that TNM staging was performed according to established AJCC guidelines, citing the reference for these guidelines.']"
Method,"[' The text describes a model introduced in a previous cited study, relates it to another model, and provides an interpretation, discussing prior methodological work.']"
Result,"[' The text states that a previously reported inadequacy (cited) is ""further strengthened by our results"", linking the current findings to prior work.']"
Result,[' The text describes how comparison with known distributions (cited) confirmed a pattern of expression observed in the current study.']
Result,[' The text reports a finding from the current study regarding the risk associated with throat pack use and explicitly contrasts this finding with results from previous cited studies.']
Method,"[' The text explains the rationale for choosing a specific anesthetic (bupivacaine) by describing its known properties (duration of effect) based on cited literature and comparing it to an alternative, justifying a methodological choice.']"
Background,"[' The text mentions new approaches emerging in the field of THz applications, citing relevant literature, providing background on recent developments.']"
Background,"[' The text describes known characteristics (resistance and inhibition profiles) of a biological entity, citing relevant sources, providing background information.']"
Background,"[' The text proposes a possible formation scenario based on previously reported observations and orientations of geological features, citing the relevant study.']"
Method,"[' The text explicitly states the estimation method (VAR) used in the current study and identifies a specific index included, citing its source.']"
Method,[]
